id,property_type,room_type,bathrooms,bedrooms,minimum_nights,price(in $)
958,Apartment,Entire home/apt,1,1,1,170
3850,House,Private room,1,1,1,99
5858,Apartment,Entire home/apt,1,2,30,235
7918,Apartment,Private room,4,1,32,65
8142,Apartment,Private room,4,1,32,65
8339,House,Entire home/apt,1.5,2,6,875
8739,Condominium,Private room,1,1,1,139
9225,House,Private room,1,1,1,135
10251,House,Entire home/apt,1,2,30,225
10578,Apartment,Entire home/apt,1,0,30,120
10820,Apartment,Entire home/apt,1,3,30,177
10824,Apartment,Entire home/apt,2,3,30,194
10832,Apartment,Entire home/apt,1.5,1,30,139
12041,Apartment,Private room,3,1,32,85
12042,Apartment,Private room,3,1,32,85
12522,Apartment,Private room,1,1,3,79
12584,Townhouse,Entire home/apt,1,2,30,122
14125,Apartment,Entire home/apt,1,1,3,215
17132,Condominium,Entire home/apt,2,2,90,450
18231,Apartment,Entire home/apt,1,0,30,107
18904,Townhouse,Private room,1,1,2,110
21334,Loft,Entire home/apt,1,1,30,125
21914,Apartment,Private room,4,1,32,65
23630,House,Entire home/apt,1,1,3,155
24450,Apartment,Entire home/apt,1,1,3,180
24463,Apartment,Private room,1,1,2,155
24685,Apartment,Private room,1,1,1,79
24723,Guest suite,Entire home/apt,1,1,5,195
25094,House,Private room,1,1,5,150
25463,Townhouse,Private room,1,1,3,110
25662,House,Private room,1,0,4,125
26408,Apartment,Entire home/apt,2,4,2,450
27025,Apartment,Entire home/apt,1,1,30,125
27028,Condominium,Private room,1,1,1,199
29373,House,Entire home/apt,2,2,4,220
29557,Apartment,Entire home/apt,1,1,2,155
32414,Apartment,Entire home/apt,1,1,30,150
33578,House,Entire home/apt,1,1,1,240
39174,Guest suite,Entire home/apt,1,1,30,107
39418,Apartment,Entire home/apt,1,0,60,94
40092,Apartment,Entire home/apt,1,1,30,108
40138,Apartment,Private room,1,1,30,67
41055,House,Entire home/apt,1,1,4,159
41172,House,Private room,2,1,3,127
41399,Apartment,Entire home/apt,1,2,30,290
41423,House,Entire home/apt,1,0,30,136
42403,Apartment,Entire home/apt,1,0,30,85
42408,House,Entire home/apt,1,1,30,85
42454,Apartment,Entire home/apt,1.5,1,10,104
42577,Guest suite,Entire home/apt,1,2,30,150
43778,Guest suite,Entire home/apt,1,2,30,110
44032,Apartment,Entire home/apt,1,1,30,95
44680,Apartment,Entire home/apt,1,1,30,175
45299,Guest suite,Entire home/apt,1,0,3,116
45956,House,Private room,3,1,1,125
47486,House,Entire home/apt,1,2,30,78
47682,Apartment,Entire home/apt,1,1,30,120
51374,Apartment,Entire home/apt,1,2,365,"9,999"
51557,Apartment,Entire home/apt,1,1,30,119
51773,Apartment,Private room,0,1,30,55
53280,House,Private room,1,1,3,90
53934,Apartment,Entire home/apt,1,2,80,163
54518,Condominium,Entire home/apt,1.5,1,30,185
54634,Apartment,Entire home/apt,1,1,30,115
55632,Apartment,Entire home/apt,1,1,30,112
55636,Apartment,Entire home/apt,1,1,30,116
56621,Apartment,Private room,0,1,30,55
56715,Apartment,Entire home/apt,1,2,3,187
57479,Apartment,Entire home/apt,2,2,90,200
57561,Apartment,Entire home/apt,1,1,30,175
57676,Apartment,Private room,1,1,30,99
59344,Guest suite,Entire home/apt,1,1,2,135
59381,Condominium,Private room,2,1,2,109
59702,Cottage,Private room,1,1,30,150
59831,House,Private room,1,1,60,100
60365,House,Entire home/apt,2,3,4,475
62519,Apartment,Private room,1,1,2,85
62651,House,Entire home/apt,2.5,3,3,950
63247,Guest suite,Entire home/apt,1,1,2,166
64165,Apartment,Private room,2,1,30,90
66119,Apartment,Entire home/apt,1,0,30,95
66188,Apartment,Entire home/apt,2,3,30,216
66664,Apartment,Entire home/apt,1,1,30,90
68239,Apartment,Entire home/apt,1,1,30,326
69410,House,Entire home/apt,1,2,30,80
69549,House,Private room,1,1,30,46
69553,House,Private room,1,1,30,37
69681,Apartment,Entire home/apt,2,3,30,185
70139,Apartment,Entire home/apt,1,1,30,108
70284,House,Shared room,2.5,1,30,30
70753,Hostel,Shared room,3,1,1,45
71645,Guest suite,Private room,1,1,3,109
71779,Apartment,Entire home/apt,1,1,30,80
72365,Apartment,Entire home/apt,1,0,30,90
72444,Hostel,Shared room,1,1,1,45
72921,Apartment,Entire home/apt,1,1,30,105
73011,Apartment,Entire home/apt,1,1,30,270
74451,Apartment,Entire home/apt,1,0,30,100
74758,House,Private room,1,1,30,37
75422,House,Private room,1,1,30,40
75423,House,Private room,1,1,30,45
77175,House,Entire home/apt,1,1,3,135
77932,House,Private room,1,1,30,57
78651,Apartment,Private room,2,1,30,75
80394,Apartment,Entire home/apt,1,1,30,140
81158,Condominium,Entire home/apt,1,1,30,83
81256,House,Private room,1,1,30,45
83257,House,Private room,1,1,1,90
83553,Apartment,Entire home/apt,1,0,30,85
84777,Guest suite,Entire home/apt,1,1,5,85
87640,Guest suite,Private room,1,1,2,115
91957,Apartment,Entire home/apt,1.5,2,30,201
96383,Apartment,Private room,0,1,30,59
99094,Apartment,Entire home/apt,1,2,4,185
100710,Apartment,Entire home/apt,2,3,4,450
102951,House,Shared room,2.5,1,30,30
105497,House,Private room,1,1,45,85
106025,Apartment,Entire home/apt,2,2,30,130
109883,Guest suite,Entire home/apt,1,2,2,125
110825,House,Entire home/apt,1,2,30,120
113211,House,Shared room,2.5,1,30,30
114401,Condominium,Private room,1,1,1,125
115242,Condominium,Entire home/apt,1,1,30,125
121065,Apartment,Entire home/apt,1,1,30,200
126046,Apartment,Entire home/apt,1,3,30,150
128230,Apartment,Entire home/apt,1,1,3,328
130775,Apartment,Private room,4,1,32,65
130805,Apartment,Entire home/apt,1,1,30,97
132441,House,Private room,1,1,1,69
134015,Condominium,Entire home/apt,1,2,4,300
134193,House,Entire home/apt,1.5,3,4,550
137129,House,Entire home/apt,3.5,4,7,594
137546,House,Private room,1,1,30,102
137672,Apartment,Entire home/apt,1.5,1,30,150
138592,House,Entire home/apt,2,4,6,"1,200"
138619,Apartment,Entire home/apt,1,1,30,150
138772,House,Private room,1,1,5,150
140568,Apartment,Private room,1.5,1,2,90
142177,Condominium,Entire home/apt,1,2,4,399
144978,Apartment,Private room,null,1,30,56
147443,Apartment,Entire home/apt,1.5,2,30,230
148559,Apartment,Entire home/apt,1,2,5,275
148627,Apartment,Entire home/apt,1,1,60,165
148769,Apartment,Entire home/apt,1,1,30,115
150347,Apartment,Entire home/apt,1,2,30,148
150848,Townhouse,Private room,1,1,3,75
162934,Apartment,Entire home/apt,1,1,1,149
164207,House,Private room,1,1,5,69
166199,Guesthouse,Entire home/apt,1,1,30,220
166771,Apartment,Entire home/apt,1,1,30,185
175090,Apartment,Entire home/apt,1,0,30,110
175102,Apartment,Entire home/apt,1,0,30,135
176274,House,Private room,1,1,30,37
177137,Apartment,Entire home/apt,1,2,30,135
183859,Apartment,Entire home/apt,1,2,3,220
187730,Apartment,Private room,2,1,29,75
189068,Apartment,Private room,1.5,1,2,90
189894,Apartment,Entire home/apt,1,1,5,150
191632,Guest suite,Entire home/apt,1,1,2,138
199480,Apartment,Private room,1.5,1,6,80
201313,Condominium,Entire home/apt,1,1,30,182
201579,Apartment,Entire home/apt,1.5,1,30,136
206566,House,Shared room,2.5,1,30,30
206634,House,Shared room,2.5,1,30,30
206637,House,Shared room,2.5,1,30,30
207980,House,Entire home/apt,1,3,2,295
208727,Apartment,Private room,2.5,1,30,79
208831,Guest suite,Entire home/apt,1,1,3,165
209514,House,Private room,2,1,1,92
212265,Condominium,Entire home/apt,2,2,5,178
212783,House,Private room,2,1,1,98
213532,House,Private room,2,1,1,78
213854,Apartment,Entire home/apt,2,3,30,325
216042,House,Entire home/apt,1,1,5,147
216064,House,Private room,2,1,2,75
217106,Apartment,Entire home/apt,1,0,30,110
220418,House,Private room,2,1,1,78
221342,Condominium,Private room,2.5,1,2,139
224579,House,Entire home/apt,1,1,2,145
225933,Apartment,Private room,1,1,3,99
226594,Apartment,Private room,0.5,1,1,120
229240,Hostel,Shared room,null,1,1,45
229319,Apartment,Entire home/apt,1,1,30,135
231129,Townhouse,Entire home/apt,4,4,2,989
231752,Apartment,Entire home/apt,1,1,30,250
232060,Guest suite,Entire home/apt,1,1,30,99
238190,Condominium,Private room,1,1,2,99
238204,Guest suite,Entire home/apt,1,1,3,135
241235,Hostel,Shared room,0,1,1,45
242008,Apartment,Entire home/apt,1,1,3,160
244361,Apartment,Entire home/apt,1,2,30,135
245339,Condominium,Entire home/apt,1,1,30,136
252867,Condominium,Entire home/apt,1,3,6,280
256148,Condominium,Private room,1,1,1,139
256176,Guest suite,Private room,1,1,2,100
258873,Apartment,Private room,1,1,2,89
259621,Hostel,Shared room,null,1,1,45
259622,Hostel,Shared room,null,1,1,45
259919,Apartment,Entire home/apt,1,1,30,114
261358,Condominium,Entire home/apt,1,0,30,138
269371,Apartment,Private room,1.5,1,2,115
269463,Apartment,Entire home/apt,1,1,2,250
271602,Condominium,Entire home/apt,1,1,30,133
271647,Apartment,Shared room,1.5,1,30,35
273530,Condominium,Entire home/apt,2,2,4,325
274334,House,Private room,1,1,3,89
276072,Apartment,Private room,1,1,2,97
277339,Guest suite,Entire home/apt,1,1,3,110
279184,Apartment,Entire home/apt,2,3,3,575
280549,House,Private room,1.5,3,1,250
284117,Guesthouse,Entire home/apt,1,1,30,105
285499,Condominium,Entire home/apt,2,2,30,210
286311,Condominium,Entire home/apt,2,3,4,475
287907,House,Entire home/apt,2,2,3,300
288213,Apartment,Entire home/apt,1,1,2,190
292723,House,Private room,1,1,30,45
295240,Apartment,Entire home/apt,1,1,2,299
295565,House,Private room,1,1,30,30
306504,Apartment,Entire home/apt,1,1,5,225
307837,House,Entire home/apt,1,1,7,159
308885,Apartment,Entire home/apt,1,1,30,125
314248,House,Entire home/apt,2.5,3,7,325
314368,Condominium,Entire home/apt,1,2,1,600
317121,Apartment,Entire home/apt,1,0,30,90
323635,House,Private room,0.5,1,2,48
325478,Apartment,Entire home/apt,1,2,4,365
326650,Apartment,Entire home/apt,1,1,30,139
329020,Loft,Entire home/apt,1,1,30,250
330535,Apartment,Entire home/apt,1,3,30,189
330736,House,Entire home/apt,1,1,3,298
334339,Cottage,Private room,1,1,3,99
334886,Condominium,Private room,1,1,60,165
338849,Apartment,Private room,1,1,30,99
342420,House,Entire home/apt,2,4,4,595
344621,House,Private room,1,1,1,95
345760,Apartment,Private room,1,1,1,119
348580,Condominium,Entire home/apt,1,1,2,160
348714,Guest suite,Entire home/apt,1,1,3,190
350479,House,Private room,1,1,30,83
351881,Apartment,Private room,1,1,2,125
351950,House,Private room,1,1,30,40
351978,House,Private room,1,1,30,45
352165,Apartment,Entire home/apt,1,1,2,115
353292,Condominium,Private room,1,1,4,90
361230,Apartment,Entire home/apt,1,2,30,270
364023,Apartment,Private room,1,1,30,85
364397,Apartment,Private room,1.5,1,2,95
366541,Apartment,Entire home/apt,2,2,30,500
374997,Apartment,Entire home/apt,1,3,3,549
377452,House,Entire home/apt,1,1,31,200
377569,House,Private room,1,1,3,70
379255,House,Entire home/apt,3.5,4,5,672
379349,Guest suite,Entire home/apt,1,1,3,130
379418,House,Entire home/apt,2.5,3,4,390
381217,House,Private room,1,1,3,102
392543,Guest suite,Entire home/apt,1,1,4,250
394575,Apartment,Entire home/apt,1,0,6,149
400433,Apartment,Entire home/apt,2,2,2,355
408471,House,Entire home/apt,3,3,2,700
409549,Condominium,Entire home/apt,1.5,2,3,169
409560,House,Private room,1.5,1,30,60
413663,Apartment,Entire home/apt,2,2,30,189
415498,Apartment,Entire home/apt,1,1,30,130
420160,Apartment,Private room,1,1,3,99
423063,Condominium,Entire home/apt,1,1,3,289
423300,Guest suite,Entire home/apt,1,1,30,119
424846,House,Private room,1.5,1,2,132
430692,Apartment,Private room,null,1,31,68
431632,Apartment,Entire home/apt,1,1,3,140
431862,Apartment,Entire home/apt,1,null,30,124
435389,House,Shared room,2.5,1,30,30
435390,House,Shared room,2.5,1,30,30
435391,House,Shared room,2.5,1,30,30
437385,Condominium,Private room,2,1,2,128
438940,Apartment,Private room,1.5,1,2,116
438967,Condominium,Private room,1.5,1,1,109
439703,Condominium,Entire home/apt,1.5,4,1,350
442349,Apartment,Entire home/apt,1,1,30,250
442397,House,Entire home/apt,2,2,4,324
444675,Apartment,Entire home/apt,2,3,30,190
450992,Apartment,Entire home/apt,1,1,30,110
455783,Apartment,Private room,1.5,1,30,57
456568,House,Private room,3,1,1,89
457862,House,Entire home/apt,1.5,3,3,425
457986,Condominium,Entire home/apt,2,2,6,225
459990,Serviced apartment,Hotel room,1,0,30,148
465723,Apartment,Entire home/apt,1,1,2,160
467507,Guest suite,Entire home/apt,1,1,3,145
468490,Condominium,Entire home/apt,2.5,4,1,490
468751,Apartment,Entire home/apt,1,2,3,280
470686,Condominium,Private room,1,1,1,125
472901,Apartment,Entire home/apt,1,0,31,170
474001,House,Shared room,2.5,1,30,30
474107,House,Private room,1,3,2,90
479072,Guest suite,Entire home/apt,1,0,1,199
479415,House,Entire home/apt,2,3,3,230
482592,House,Entire home/apt,1.5,4,2,675
485286,Apartment,Entire home/apt,1,2,2,195
487019,Apartment,Entire home/apt,2,3,4,205
487499,Apartment,Entire home/apt,1,1,30,125
488297,Condominium,Private room,2,3,3,399
491867,Condominium,Entire home/apt,2,3,3,375
491874,Condominium,Private room,1,1,3,130
493889,Apartment,Entire home/apt,1,1,4,225
494111,Apartment,Entire home/apt,1,1,3,130
496226,Apartment,Entire home/apt,1,1,30,170
499096,Apartment,Entire home/apt,1,1,3,100
501057,House,Entire home/apt,1.5,2,3,295
501770,Apartment,Entire home/apt,1,1,30,220
503362,Apartment,Entire home/apt,2,2,30,350
504146,Condominium,Entire home/apt,1,0,2,280
505530,House,Entire home/apt,2,4,30,275
505763,Apartment,Entire home/apt,1,1,365,200
515260,House,Entire home/apt,1,2,3,260
515524,Apartment,Entire home/apt,1,1,30,90
516836,House,Private room,2,1,3,135
517803,Bungalow,Entire home/apt,1.5,2,5,550
519796,Apartment,Entire home/apt,1,1,31,126
522089,Apartment,Entire home/apt,1,3,3,495
522273,Apartment,Private room,1.5,1,30,70
527226,House,Private room,1,1,30,95
530857,House,Private room,1.5,1,7,100
531151,House,Entire home/apt,2.5,4,4,449
533193,House,Private room,1,1,30,43
533627,House,Entire home/apt,3,3,4,650
545585,Apartment,Private room,1,1,30,140
545685,Guest suite,Entire home/apt,1,1,1,79
548232,Condominium,Entire home/apt,1,3,4,"1,195"
555596,Guest suite,Entire home/apt,1,1,5,129
560440,Apartment,Entire home/apt,1,2,5,220
561148,House,Entire home/apt,2,3,3,450
561602,House,Private room,1,2,4,105
562311,Apartment,Private room,2,2,4,103
562593,Apartment,Entire home/apt,1,1,4,200
567239,House,Private room,1,1,2,95
568161,House,Private room,1,1,2,68
571042,Townhouse,Entire home/apt,2.5,3,4,460
575551,Apartment,Private room,1,1,3,129
576018,House,Entire home/apt,2.5,4,2,"1,000"
578097,Condominium,Entire home/apt,1,2,3,280
580106,Apartment,Private room,1,1,2,93
581216,Apartment,Entire home/apt,1,3,3,139
582335,House,Entire home/apt,3.5,4,4,"1,049"
585225,Apartment,Entire home/apt,1,1,2,99
585326,Guest suite,Entire home/apt,1,1,1,69
587375,House,Entire home/apt,1,2,2,400
589676,House,Private room,1,1,2,105
589767,Apartment,Entire home/apt,1,2,5,295
591524,House,Entire home/apt,1,1,3,195
592883,House,Private room,1,1,30,98
593165,Apartment,Entire home/apt,1,1,30,121
593253,Condominium,Private room,1.5,1,2,95
596042,Apartment,Private room,null,1,30,63
598271,House,Private room,2,1,3,125
598579,Apartment,Entire home/apt,1,1,30,105
602036,Condominium,Entire home/apt,1,3,30,350
602535,House,Entire home/apt,2,3,5,975
604221,Apartment,Entire home/apt,1,2,30,100
604843,Apartment,Private room,1.5,1,31,72
604999,Apartment,Shared room,1,1,30,79
607500,House,Entire home/apt,2.5,3,3,375
616204,Apartment,Entire home/apt,1,3,7,450
616517,Loft,Entire home/apt,1,1,30,279
626349,Condominium,Entire home/apt,1,1,30,123
627358,Apartment,Private room,1,1,30,125
631635,Condominium,Entire home/apt,1,1,30,201
631658,House,Private room,2,2,3,280
631735,House,Private room,1,1,31,50
632303,Apartment,Entire home/apt,1,1,30,95
633629,Apartment,Private room,1,1,30,79
640352,Loft,Entire home/apt,1,1,1,975
640605,Apartment,Entire home/apt,1,1,30,145
640895,Apartment,Entire home/apt,1.5,4,4,500
642672,Apartment,Entire home/apt,1,1,60,178
643918,Apartment,Private room,1,1,30,130
644091,Condominium,Entire home/apt,1,1,3,350
647360,Apartment,Entire home/apt,1,1,1,250
648086,House,Private room,1,1,3,79
651624,House,Private room,1,1,2,85
654279,House,Private room,1,1,3,90
654860,House,Entire home/apt,3.5,5,30,475
655326,Apartment,Entire home/apt,2,2,30,199
657121,Condominium,Entire home/apt,2.5,3,2,949
662754,Apartment,Entire home/apt,1.5,2,9,282
663623,Apartment,Entire home/apt,1.5,2,4,240
664307,Guest suite,Private room,1,1,2,85
664315,House,Entire home/apt,2,3,7,450
677207,House,Entire home/apt,3,3,3,395
678556,Apartment,Entire home/apt,1,1,3,135
680288,Guest suite,Entire home/apt,1,1,2,150
686677,Apartment,Shared room,1.5,1,30,67
687430,House,Private room,3,1,30,35
691023,House,Entire home/apt,2.5,3,4,450
699723,Apartment,Entire home/apt,2,2,4,395
713877,Guest suite,Entire home/apt,1,1,1,145
715543,Loft,Entire home/apt,1.5,2,30,180
715754,Condominium,Entire home/apt,1,1,30,160
719431,Guest suite,Entire home/apt,1,1,4,79
720811,Apartment,Entire home/apt,1,1,3,135
725300,House,Private room,2,2,30,379
726657,Condominium,Entire home/apt,2,2,4,322
727866,Guest suite,Entire home/apt,1,1,1,153
727969,Apartment,Entire home/apt,1,1,30,170
728486,Loft,Entire home/apt,1.5,1,30,175
728585,Guest suite,Entire home/apt,1,1,3,139
728884,House,Entire home/apt,1,2,30,275
732779,House,Entire home/apt,2,3,5,520
734801,Loft,Entire home/apt,1,1,30,162
734839,Apartment,Entire home/apt,1,2,30,185
738493,Apartment,Private room,0.5,1,2,178
738547,Apartment,Entire home/apt,1,2,3,395
741327,Apartment,Entire home/apt,1,1,30,123
746079,Condominium,Private room,1.5,1,1,115
748222,Apartment,Private room,1,1,1,120
748256,Apartment,Private room,1,1,1,120
749744,Condominium,Entire home/apt,1,1,30,175
749990,Apartment,Entire home/apt,1,1,30,225
752607,House,Entire home/apt,1,3,3,350
754117,Apartment,Entire home/apt,1,1,30,152
758815,Apartment,Entire home/apt,1,1,30,135
760794,House,Entire home/apt,1.5,2,14,250
765914,Loft,Entire home/apt,1.5,1,7,399
766516,House,Entire home/apt,1,2,30,144
767506,House,Entire home/apt,2,3,2,410
769734,Cottage,Private room,1,1,2,80
770991,Guest suite,Entire home/apt,1,1,3,139
774323,Condominium,Private room,1,1,2,140
776239,House,Entire home/apt,2,3,4,645
778520,Apartment,Private room,1,1,4,129
779109,Townhouse,Private room,1,1,1,160
781945,Apartment,Entire home/apt,2,2,183,250
782126,House,Private room,1.5,1,1,50
783135,Apartment,Entire home/apt,1,1,5,160
783821,Apartment,Entire home/apt,1,1,30,250
785901,Hostel,Shared room,null,1,1,45
786492,Hostel,Shared room,null,1,1,45
786506,Hostel,Shared room,null,1,1,45
794626,Apartment,Entire home/apt,1,1,2,120
795254,Guest suite,Entire home/apt,1,1,3,150
797887,Apartment,Private room,1,1,30,57
802559,Bungalow,Entire home/apt,1,2,4,180
802839,Apartment,Entire home/apt,1,3,3,300
806199,Loft,Entire home/apt,1.5,1,3,325
808660,Apartment,Entire home/apt,1,2,30,130
808919,Condominium,Private room,1.5,1,3,110
810315,Apartment,Private room,1,1,30,70
811374,Apartment,Entire home/apt,1,1,30,105
815183,Bungalow,Private room,1,1,30,40
819856,Condominium,Entire home/apt,2,2,30,289
819863,Apartment,Entire home/apt,1,1,1,135
829185,House,Entire home/apt,1.5,2,3,699
830330,Apartment,Entire home/apt,1,1,3,135
830576,Apartment,Entire home/apt,1,1,200,175
830997,Apartment,Entire home/apt,1,1,30,200
833149,Bungalow,Entire home/apt,1,1,30,125
837045,Apartment,Entire home/apt,1,2,2,249
837490,Apartment,Private room,1,2,31,300
840986,Apartment,Entire home/apt,1,1,2,145
842269,House,Shared room,2.5,1,30,30
845480,House,Private room,1.5,3,3,70
845501,House,Private room,2,3,3,65
845502,House,Entire home/apt,1.5,2,7,875
848578,House,Private room,1,1,3,70
851889,Loft,Entire home/apt,1,1,3,300
856123,Condominium,Private room,1,1,1,168
859310,Apartment,Private room,1,1,31,135
859336,Apartment,Private room,1,1,2,109
862201,Apartment,Entire home/apt,1,0,30,179
863987,Condominium,Entire home/apt,1,1,30,141
865873,Apartment,Entire home/apt,1,2,30,375
867499,House,Private room,1.5,1,4,150
867530,Guesthouse,Entire home/apt,1,0,30,95
867555,Townhouse,Entire home/apt,1.5,2,5,549
870532,Apartment,Entire home/apt,1,2,30,145
870705,Apartment,Entire home/apt,2,2,3,360
872206,House,Private room,6.5,1,32,64
872246,Apartment,Entire home/apt,2,2,180,205
873705,House,Entire home/apt,2,4,2,425
878935,Apartment,Entire home/apt,1,2,30,190
881105,Apartment,Entire home/apt,1.5,1,3,475
883937,Apartment,Entire home/apt,1,1,4,175
884770,Apartment,Private room,1,1,1,123
890875,Apartment,Entire home/apt,1,2,2,269
900393,Condominium,Entire home/apt,1,2,30,295
900569,Guest suite,Private room,1,1,30,79
900941,Apartment,Entire home/apt,1,1,90,545
902377,Apartment,Private room,1,1,30,55
902435,Condominium,Entire home/apt,1,1,30,199
905399,Apartment,Private room,1,1,5,85
905902,Apartment,Entire home/apt,1,2,30,185
909063,Apartment,Private room,1,1,4,93
911029,Condominium,Entire home/apt,2,2,30,150
915058,House,Entire home/apt,2,4,2,859
918341,House,Entire home/apt,1,1,1,240
923807,Apartment,Private room,3,1,30,57
929468,Loft,Entire home/apt,1,1,5,175
930955,Condominium,Entire home/apt,2,3,30,400
931313,Apartment,Entire home/apt,1,1,30,101
932481,House,Entire home/apt,2.5,3,5,990
934012,Apartment,Entire home/apt,1,1,30,115
936209,Apartment,Private room,0,1,2,250
937842,Apartment,Private room,1.5,1,1,100
938330,Apartment,Entire home/apt,1,1,30,130
943851,Apartment,Entire home/apt,1.5,2,30,136
945748,Apartment,Entire home/apt,1,1,2,275
950094,House,Private room,1,1,30,79
955071,Apartment,Private room,1,1,30,55
958507,House,Entire home/apt,1,3,31,220
961900,Loft,Entire home/apt,2,1,30,179
964751,Guest suite,Entire home/apt,1,1,30,140
964952,Condominium,Entire home/apt,2,3,5,600
968046,Condominium,Private room,1,1,2,105
968308,Condominium,Private room,1,1,30,175
968852,Apartment,Entire home/apt,1,1,1,360
971069,Apartment,Private room,1,1,30,99
971116,House,Private room,1,1,2,115
975482,Serviced apartment,Hotel room,2,2,30,300
980783,Apartment,Entire home/apt,1,1,30,181
982298,House,Entire home/apt,2,4,3,495
983739,Townhouse,Private room,1,1,30,75
991765,House,Entire home/apt,2,3,4,250
992676,Guest suite,Entire home/apt,1,1,1,135
992913,Apartment,Private room,1,1,2,79
997382,House,Private room,2,1,1,53
1001415,Apartment,Entire home/apt,1,1,4,325
1001422,Apartment,Entire home/apt,1,1,31,200
1001759,Apartment,Private room,1,1,30,99
1003756,Condominium,Entire home/apt,1.5,2,3,272
1005642,Apartment,Private room,1,1,2,115
1007157,House,Entire home/apt,1,4,30,230
1011292,House,Entire home/apt,2,2,120,250
1011751,House,Private room,3,1,2,50
1015336,House,Entire home/apt,2,3,30,775
1016604,House,Entire home/apt,2,3,4,399
1017799,Apartment,Private room,1,1,1,75
1018426,Loft,Shared room,1,1,30,311
1023586,Apartment,Private room,1,1,1,65
1029621,Condominium,Entire home/apt,1.5,2,3,310
1030352,Apartment,Entire home/apt,1,2,30,259
1031899,Apartment,Entire home/apt,null,1,30,127
1033754,House,Entire home/apt,2,3,1,300
1036860,Apartment,Entire home/apt,1,2,2,298
1037251,Apartment,Entire home/apt,1,1,30,140
1038324,Apartment,Private room,1.5,1,30,93
1043282,House,Private room,1,1,1,111
1053666,Guest suite,Entire home/apt,1,1,31,180
1056006,Condominium,Entire home/apt,2,3,30,255
1056844,Loft,Shared room,1.5,1,2,74
1059961,Apartment,Shared room,1,1,58,"5,000"
1069167,Guest suite,Private room,1,1,1,76
1076743,Condominium,Entire home/apt,1,2,2,575
1077444,Bed and breakfast,Private room,1,1,2,120
1080408,House,Private room,1,1,1,90
1080980,Loft,Entire home/apt,2,2,1,595
1083810,House,Private room,2,1,3,188
1084068,Loft,Entire home/apt,1.5,1,365,180
1087427,House,Private room,1,1,7,68
1094207,Apartment,Entire home/apt,1,1,30,100
1098003,House,Entire home/apt,3,3,3,500
1103797,Apartment,Entire home/apt,2,3,2,500
1104362,Guest suite,Entire home/apt,1,1,30,192
1104912,Apartment,Entire home/apt,1,1,2,159
1106534,Guesthouse,Entire home/apt,1,2,30,250
1107014,House,Entire home/apt,3,4,2,950
1109534,Condominium,Entire home/apt,2,3,2,500
1110001,House,Entire home/apt,1,1,30,175
1110346,Condominium,Private room,1,1,2,128
1110787,Apartment,Entire home/apt,1,1,30,149
1117813,House,Entire home/apt,1,2,30,150
1121697,Apartment,Entire home/apt,1.5,5,30,500
1123125,House,Private room,1.5,1,2,120
1125079,House,Private room,3,1,2,45
1125115,House,Private room,3,1,2,40
1130628,Apartment,Private room,1,1,30,79
1133372,Condominium,Entire home/apt,1,3,2,138
1135632,Apartment,Private room,1,1,3,150
1138420,Apartment,Entire home/apt,1,1,30,225
1140449,Apartment,Private room,1,1,31,120
1141986,Apartment,Entire home/apt,1,1,360,90
1142101,House,Entire home/apt,2,3,7,290
1145582,Apartment,Entire home/apt,2,2,50,140
1148625,Condominium,Private room,1.5,1,3,125
1151109,House,Entire home/apt,2,2,30,799
1151864,Apartment,Entire home/apt,2,2,180,185
1159284,Condominium,Entire home/apt,1,1,30,290
1162640,House,Entire home/apt,2,3,30,149
1171918,Loft,Entire home/apt,2,2,2,245
1174214,Townhouse,Private room,1,1,2,395
1174537,Townhouse,Entire home/apt,1,2,30,300
1174758,Apartment,Entire home/apt,1,2,30,300
1177310,Guesthouse,Entire home/apt,1,1,30,120
1178260,Apartment,Entire home/apt,1.5,2,30,160
1178281,Condominium,Entire home/apt,1,2,3,275
1182465,Apartment,Entire home/apt,1,2,2,99
1183521,Apartment,Private room,2,1,2,100
1195173,Apartment,Private room,1,1,30,70
1200068,House,Private room,1,1,30,60
1201159,Condominium,Entire home/apt,1,0,30,75
1203062,Apartment,Entire home/apt,1,2,3,225
1203172,Guest suite,Private room,1,1,3,143
1203526,Apartment,Private room,1.5,1,1,99
1203684,Apartment,Private room,1,1,1,118
1203849,Condominium,Entire home/apt,1,1,2,250
1205031,Loft,Private room,1,1,30,120
1206032,Apartment,Entire home/apt,1,2,30,125
1206184,Apartment,Private room,1.5,1,1,89
1206233,Apartment,Private room,null,1,1,79
1206261,Apartment,Private room,1.5,1,1,99
1209893,Apartment,Entire home/apt,1.5,3,2,"1,500"
1212513,Apartment,Private room,1,2,2,175
1212746,Apartment,Entire home/apt,2,3,3,625
1212822,Condominium,Entire home/apt,2,3,60,510
1214080,House,Entire home/apt,2,2,3,345
1223107,Condominium,Private room,1,1,3,148
1223704,House,Entire home/apt,1,2,29,186
1226557,Apartment,Entire home/apt,1,1,180,217
1226596,House,Private room,1,1,3,89
1229606,Apartment,Entire home/apt,1,1,31,104
1237143,Apartment,Entire home/apt,1,2,7,442
1241029,Condominium,Private room,1,1,60,165
1245838,Apartment,Entire home/apt,2,4,3,450
1247160,Apartment,Private room,1,1,30,50
1249046,Condominium,Entire home/apt,1,0,30,110
1251570,Condominium,Entire home/apt,1,2,2,430
1261055,Loft,Entire home/apt,1.5,1,50,180
1261074,Condominium,Private room,1,1,3,130
1261122,Guest suite,Entire home/apt,1,1,3,130
1267206,Apartment,Private room,1,1,3,75
1276953,Apartment,Entire home/apt,1,2,5,295
1277771,Apartment,Entire home/apt,1,2,3,190
1281132,Guest suite,Entire home/apt,1,1,2,115
1281167,Hostel,Private room,1,0,1,180
1286943,House,Entire home/apt,1,2,2,200
1287889,House,Entire home/apt,1,2,5,300
1290935,House,Entire home/apt,2,2,4,249
1291092,House,Entire home/apt,2.5,3,2,"1,800"
1292217,Apartment,Entire home/apt,2,2,30,216
1299242,Apartment,Entire home/apt,2,3,365,200
1301798,Apartment,Private room,1,1,3,89
1301843,Apartment,Entire home/apt,2,2,30,195
1304068,Apartment,Entire home/apt,2,3,3,425
1304808,Apartment,Entire home/apt,1,1,30,210
1309496,Condominium,Entire home/apt,2,3,3,280
1317908,Apartment,Private room,1.5,1,3,95
1323983,Apartment,Private room,1,1,1,119
1324086,Condominium,Entire home/apt,1,2,4,495
1326577,Guest suite,Entire home/apt,1,1,3,125
1328186,House,Entire home/apt,2.5,3,7,575
1329465,Loft,Entire home/apt,1,1,30,200
1332343,House,Private room,1,1,3,152
1333047,House,Private room,1,1,1,119
1335996,Apartment,Private room,1,2,2,76
1336798,Condominium,Entire home/apt,2.5,4,30,450
1336998,Apartment,Private room,1.5,1,2,90
1340755,Apartment,Private room,2,1,3,145
1344243,Apartment,Entire home/apt,1,1,5,175
1344752,Condominium,Entire home/apt,2,3,30,210
1351626,House,Private room,1,1,30,52
1351783,House,Private room,1,1,30,47
1352111,Apartment,Entire home/apt,1,1,30,150
1355744,House,Entire home/apt,1.5,1,30,155
1356129,Guest suite,Entire home/apt,1,1,2,145
1356817,Loft,Private room,1,1,2,159
1364882,Apartment,Entire home/apt,1,1,30,299
1388523,Apartment,Entire home/apt,1,0,30,125
1391982,Condominium,Entire home/apt,2,4,6,500
1392204,House,Private room,1,2,3,129
1393654,House,Private room,1,1,1,99
1397537,Townhouse,Entire home/apt,1.5,3,5,250
1405046,House,Entire home/apt,2.5,3,6,350
1407244,House,Entire home/apt,2,3,2,500
1407881,Apartment,Entire home/apt,1,0,30,160
1408281,Apartment,Shared room,1,1,1,75
1409218,Loft,Entire home/apt,2,2,30,185
1421671,Apartment,Entire home/apt,1,0,1,246
1421774,Guest suite,Entire home/apt,1,1,3,135
1421937,House,Private room,1,1,3,129
1428465,Apartment,Entire home/apt,1,1,30,199
1428553,Apartment,Private room,1,1,30,89
1428909,Loft,Entire home/apt,1,1,30,142
1429022,House,Entire home/apt,1,1,3,469
1433011,Apartment,Entire home/apt,1,1,2,120
1433917,Apartment,Entire home/apt,1,1,30,175
1434314,House,Entire home/apt,2,3,3,490
1434425,Apartment,Private room,1,1,4,150
1437321,Apartment,Private room,1.5,1,2,165
1438286,Apartment,Entire home/apt,1,1,30,95
1438864,House,Private room,1,1,3,274
1442027,Condominium,Entire home/apt,1,1,30,131
1454220,Apartment,Entire home/apt,1,1,30,157
1455937,House,Private room,1.5,1,1,60
1456153,House,Entire home/apt,1,3,4,259
1460174,Condominium,Entire home/apt,2,3,3,575
1460628,Guest suite,Entire home/apt,1,1,2,170
1466344,Serviced apartment,Entire home/apt,1,1,30,173
1467857,Apartment,Entire home/apt,1,1,30,140
1470340,Guest suite,Entire home/apt,1,1,3,88
1471683,Apartment,Private room,1.5,2,3,125
1474209,Hostel,Private room,1,0,1,175
1478708,House,Private room,1,1,2,85
1479666,Apartment,Entire home/apt,1,3,30,258
1480015,Apartment,Entire home/apt,1,1,3,265
1482273,Condominium,Entire home/apt,2,2,30,345
1482730,Apartment,Entire home/apt,1,2,4,199
1483853,Hotel,Private room,1,0,2,179
1484792,House,Entire home/apt,1,1,30,250
1487849,Guest suite,Entire home/apt,1,1,2,167
1489175,House,Entire home/apt,2,3,3,295
1489782,Apartment,Entire home/apt,1,2,2,300
1494771,Apartment,Entire home/apt,1,2,30,170
1496833,Apartment,Entire home/apt,1,2,30,249
1498953,House,Entire home/apt,1,2,3,337
1499630,Apartment,Entire home/apt,2,2,3,300
1499843,Apartment,Private room,1,1,1,185
1504826,House,Entire home/apt,2,4,3,250
1506702,Condominium,Entire home/apt,1.5,3,1,499
1510363,Apartment,Entire home/apt,1,2,3,150
1511076,Apartment,Private room,1,1,2,145
1520790,Apartment,Entire home/apt,1,1,3,250
1520929,Apartment,Entire home/apt,1,2,2,250
1520938,Apartment,Entire home/apt,1,2,30,149
1524346,Apartment,Entire home/apt,1,1,30,165
1525137,Apartment,Entire home/apt,1,1,30,210
1525886,Apartment,Private room,1,1,1,125
1530745,Apartment,Entire home/apt,1,1,30,145
1531273,House,Entire home/apt,1,1,30,235
1534021,Apartment,Entire home/apt,1,1,30,148
1535946,House,Entire home/apt,1,2,2,350
1537497,Apartment,Entire home/apt,1,1,30,125
1547477,Apartment,Entire home/apt,1,0,30,100
1550913,Guest suite,Entire home/apt,1,1,5,199
1556680,Guest suite,Entire home/apt,1,2,30,145
1565576,Condominium,Entire home/apt,2,1,30,150
1569288,House,Entire home/apt,2.5,4,30,800
1578597,Guest suite,Entire home/apt,1,0,31,209
1579304,House,Entire home/apt,2.5,3,4,485
1584021,Apartment,Entire home/apt,1,2,30,395
1587410,Condominium,Entire home/apt,1,2,6,180
1588695,House,Entire home/apt,1,1,30,120
1589228,Apartment,Entire home/apt,2,3,30,350
1598872,Condominium,Entire home/apt,1,1,7,220
1605483,Apartment,Private room,1.5,1,2,89
1606292,Apartment,Entire home/apt,1,0,30,116
1614453,Hotel,Private room,1,0,2,169
1614622,House,Private room,1,1,1,295
1615088,House,Private room,1,1,2,99
1615158,House,Private room,1,1,1,85
1618782,House,Private room,1,1,2,195
1620039,Hotel,Private room,1,0,1,175
1620411,Guest suite,Entire home/apt,1,0,3,200
1623609,House,Private room,1,1,3,150
1624068,Hotel,Private room,1,0,2,169
1627259,Apartment,Private room,1,1,30,166
1627455,Apartment,Private room,1,1,30,129
1629330,Apartment,Entire home/apt,1,1,30,200
1629740,Hotel,Private room,1,0,1,169
1633126,Apartment,Entire home/apt,1,1,3,139
1633173,House,Private room,1,1,1,65
1633225,House,Private room,1,1,1,61
1633839,Apartment,Entire home/apt,1,2,2,118
1633933,Apartment,Private room,1,1,2,139
1641060,Guest suite,Entire home/apt,1,2,3,225
1645724,Townhouse,Private room,1,1,180,29
1651228,House,Private room,1,2,2,230
1655446,House,Private room,2.5,4,4,539
1665516,Guest suite,Entire home/apt,1,1,3,150
1671260,House,Private room,1,1,2,95
1673011,House,Entire home/apt,2.5,3,3,525
1676460,Apartment,Entire home/apt,1,0,30,141
1683892,Condominium,Entire home/apt,1,1,3,285
1684346,Hotel,Private room,1,0,1,179
1687330,Apartment,Entire home/apt,1,2,1,190
1696383,Apartment,Entire home/apt,1,1,30,155
1696666,Condominium,Entire home/apt,2,4,30,"1,000"
1699390,House,Private room,2.5,1,2,105
1711075,Apartment,Private room,1,4,59,65
1721354,Apartment,Entire home/apt,1,2,2,418
1724819,House,Entire home/apt,2,2,3,373
1725833,Apartment,Entire home/apt,2,2,30,325
1725853,Apartment,Entire home/apt,1,1,2,133
1728497,House,Entire home/apt,3.5,4,6,750
1733056,Apartment,Entire home/apt,2.5,2,4,290
1738415,Apartment,Entire home/apt,1.5,1,1,180
1740537,Apartment,Entire home/apt,1.5,2,30,165
1743201,Condominium,Private room,1.5,1,2,90
1747531,Apartment,Private room,1,1,30,60
1750093,Townhouse,Private room,1.5,1,2,115
1752371,Guest suite,Entire home/apt,1,1,2,155
1752535,House,Entire home/apt,1,2,60,215
1759087,Guest suite,Entire home/apt,1,1,2,215
1767569,Apartment,Entire home/apt,1,1,3,175
1768239,Condominium,Entire home/apt,1,1,30,160
1768673,Condominium,Entire home/apt,1,1,30,200
1769688,Condominium,Private room,1,1,3,109
1774026,Apartment,Entire home/apt,1.5,4,3,418
1777429,House,Entire home/apt,3,5,6,"1,450"
1778650,Guest suite,Entire home/apt,1,1,1,133
1785463,House,Private room,3,1,2,45
1807012,Apartment,Private room,1,1,3,170
1807493,Condominium,Entire home/apt,1,1,30,170
1810486,Apartment,Entire home/apt,1,2,3,285
1814061,Guest suite,Entire home/apt,1,1,30,150
1815551,Apartment,Entire home/apt,1,1,2,250
1821543,Apartment,Entire home/apt,1,1,30,150
1827177,Apartment,Private room,1,1,1,70
1827638,Apartment,Entire home/apt,1,1,31,225
1827653,House,Private room,1,1,30,115
1830541,Guest suite,Entire home/apt,1,1,3,135
1841832,Apartment,Entire home/apt,1,1,30,89
1843662,Apartment,Entire home/apt,1,2,30,135
1844117,Apartment,Private room,3,1,30,60
1844877,Apartment,Entire home/apt,1,1,30,110
1847664,Guest suite,Entire home/apt,1,1,4,128
1855096,Apartment,Entire home/apt,1,1,2,190
1857226,House,Entire home/apt,3,3,3,600
1861344,Serviced apartment,Entire home/apt,1,1,30,220
1863106,Apartment,Private room,1,1,3,79
1863316,Apartment,Private room,1,1,3,75
1864390,Apartment,Entire home/apt,2,2,30,145
1865406,Apartment,Entire home/apt,1,0,30,94
1868880,House,Entire home/apt,3.5,4,3,995
1869027,House,Entire home/apt,1,2,70,250
1869845,Apartment,Entire home/apt,1,1,30,295
1881223,Apartment,Private room,1,1,3,80
1885057,Apartment,Entire home/apt,1,1,30,157
1886260,Loft,Entire home/apt,1,1,30,300
1887206,House,Entire home/apt,1,2,30,131
1898486,House,Entire home/apt,1.5,2,30,228
1906323,House,Entire home/apt,3.5,4,4,900
1906681,House,Entire home/apt,2,3,4,309
1907229,House,Entire home/apt,2.5,3,1,450
1909613,Apartment,Entire home/apt,1,2,3,299
1913043,Condominium,Private room,1,1,30,115
1914841,Apartment,Entire home/apt,1,0,30,156
1919372,Apartment,Entire home/apt,1,0,30,125
1920033,House,Private room,1,1,1,120
1925206,House,Private room,1,1,1,94
1925714,Apartment,Entire home/apt,1,1,30,180
1926253,Guest suite,Entire home/apt,1,1,2,80
1931459,Apartment,Entire home/apt,1,1,30,350
1931763,Guest suite,Private room,1,1,1,150
1931788,Apartment,Private room,1,1,2,135
1932019,Guesthouse,Entire home/apt,1,1,2,95
1935904,Apartment,Entire home/apt,2,2,4,"1,166"
1937575,Apartment,Private room,1,1,3,160
1940496,Apartment,Private room,1,1,3,100
1944564,Loft,Entire home/apt,1,1,2,169
1945508,Condominium,Private room,1,1,3,150
1954514,Condominium,Private room,1,1,3,165
1959880,Apartment,Private room,1,1,1,95
1960773,House,Entire home/apt,3,3,5,499
1970257,Condominium,Entire home/apt,1,3,5,339
1970756,Apartment,Entire home/apt,1,1,30,99
1975404,Condominium,Entire home/apt,1,1,2,325
1978669,Apartment,Private room,1,1,30,95
1979461,Condominium,Entire home/apt,1,0,30,152
1984709,Apartment,Entire home/apt,1,0,30,125
1985338,House,Private room,1,1,3,140
1989997,Apartment,Private room,1,1,1,102
1992217,House,Private room,1,1,2,132
1992988,Apartment,Entire home/apt,1,1,60,125
1995487,Loft,Private room,1,2,2,297
1998111,House,Private room,1,1,2,69
2001534,Apartment,Entire home/apt,2,3,30,200
2007101,Condominium,Entire home/apt,1,1,4,600
2011311,Townhouse,Entire home/apt,1,1,3,160
2016198,House,Private room,1,1,1,84
2020393,Apartment,Entire home/apt,1,1,5,197
2022751,Apartment,Entire home/apt,2,2,3,800
2023326,House,Entire home/apt,1.5,3,3,450
2026910,Apartment,Entire home/apt,1,3,5,550
2042095,House,Private room,1,1,1,119
2046634,House,Private room,1,1,2,69
2046807,Guest suite,Entire home/apt,1,1,5,149
2047469,House,Private room,1,1,2,69
2049672,House,Entire home/apt,2,4,5,575
2049955,House,Entire home/apt,1,1,3,225
2056660,Apartment,Entire home/apt,1,0,60,82
2058119,Apartment,Private room,1,1,30,100
2062696,Apartment,Private room,1,1,5,85
2063077,House,Entire home/apt,1,2,6,195
2072098,Apartment,Entire home/apt,1,1,30,160
2072133,House,Private room,1,1,30,95
2074270,Apartment,Entire home/apt,1,0,30,129
2074584,Guesthouse,Entire home/apt,1,0,30,90
2081536,Townhouse,Private room,1,1,3,65
2088622,House,Private room,1,1,2,69
2093695,House,Private room,1,1,30,65
2096756,House,Entire home/apt,1,2,3,228
2104437,Apartment,Private room,1,1,30,120
2105840,Serviced apartment,Private room,1,1,30,95
2111361,Condominium,Entire home/apt,1,0,30,150
2112336,Condominium,Private room,1,1,30,100
2115503,Guest suite,Entire home/apt,1,0,2,176
2119773,Guest suite,Entire home/apt,1,1,1,130
2123469,House,Private room,1,1,2,125
2124182,Guesthouse,Entire home/apt,1,1,30,120
2126868,House,Private room,3,1,2,40
2130640,Apartment,Entire home/apt,2,3,2,350
2134475,House,Private room,1.5,1,2,150
2139562,House,Private room,1,2,4,195
2140313,Apartment,Entire home/apt,1,1,30,150
2154122,House,Entire home/apt,2,3,3,450
2160504,House,Private room,1,1,2,90
2166428,Apartment,Entire home/apt,1,1,30,198
2169208,Apartment,Entire home/apt,1,1,30,98
2172308,House,Entire home/apt,2,3,2,462
2175930,Apartment,Entire home/apt,1,1,1,150
2177440,House,Private room,1,1,3,120
2178509,House,Private room,1,1,2,105
2188233,Serviced apartment,Entire home/apt,1,0,30,160
2188308,Serviced apartment,Entire home/apt,2,2,30,175
2188507,Serviced apartment,Entire home/apt,1,0,30,140
2188561,House,Entire home/apt,2,5,3,449
2188959,Apartment,Entire home/apt,1,0,30,112
2188976,House,Private room,2,1,30,101
2189514,Apartment,Entire home/apt,1,1,30,220
2189814,Apartment,Entire home/apt,1,2,4,900
2202505,House,Entire home/apt,2,2,3,399
2203283,Condominium,Private room,1,1,1,65
2209353,Serviced apartment,Entire home/apt,1,1,30,179
2209751,Condominium,Private room,1,1,2,129
2210105,House,Private room,1,1,2,500
2219978,Apartment,Private room,1.5,1,31,225
2221057,House,Entire home/apt,1,2,4,175
2223743,Guest suite,Entire home/apt,1,1,2,110
2233416,Apartment,Entire home/apt,1,1,30,195
2234256,Apartment,Entire home/apt,1,1,90,130
2236226,Apartment,Entire home/apt,1,1,30,105
2238488,Apartment,Entire home/apt,1,2,31,279
2244652,Apartment,Entire home/apt,1,1,30,90
2254431,House,Entire home/apt,3.5,4,1,398
2263794,House,Private room,1,1,2,99
2272343,House,Entire home/apt,1.5,3,3,500
2274353,Apartment,Entire home/apt,1,2,2,137
2277754,Condominium,Private room,1,1,3,105
2279254,Apartment,Private room,1,1,1,219
2290365,Condominium,Private room,1,1,30,85
2298930,Apartment,Private room,1.5,1,1,200
2299196,Apartment,Entire home/apt,1,0,30,105
2302408,Apartment,Entire home/apt,1,1,30,105
2305039,Apartment,Entire home/apt,1,3,30,350
2310518,House,Private room,1,2,2,350
2310765,Condominium,Entire home/apt,1,0,30,149
2311428,Apartment,Entire home/apt,2,1,2,250
2314849,Apartment,Entire home/apt,1,0,30,93
2315086,Apartment,Private room,1.5,1,3,145
2316478,House,Entire home/apt,1,2,30,139
2326228,House,Entire home/apt,1.5,2,30,220
2337552,Condominium,Entire home/apt,1,2,30,170
2349483,House,Private room,1,1,2,130
2355859,Guest suite,Entire home/apt,1,1,4,280
2356554,Guest suite,Entire home/apt,1,1,2,125
2362619,Apartment,Entire home/apt,1,1,3,185
2366182,Apartment,Entire home/apt,2,4,30,385
2371573,House,Entire home/apt,3.5,4,5,"2,000"
2374267,House,Entire home/apt,2.5,4,3,"2,100"
2374361,Guest suite,Entire home/apt,1,1,30,113
2387068,Condominium,Private room,2.5,1,3,80
2391772,Loft,Entire home/apt,1,1,30,136
2396847,Apartment,Entire home/apt,1,0,3,125
2397852,Guest suite,Entire home/apt,2,2,2,306
2397858,House,Entire home/apt,3,4,2,889
2404647,Apartment,Private room,1,1,30,89
2412158,Guest suite,Entire home/apt,1,1,30,220
2420887,Guest suite,Entire home/apt,1.5,0,4,143
2423948,Serviced apartment,Hotel room,1,1,30,179
2432104,House,Private room,1,1,30,60
2436213,House,Private room,1,1,30,78
2455313,House,Entire home/apt,2,3,3,325
2455325,House,Entire home/apt,2,2,30,295
2460904,Condominium,Entire home/apt,1,1,30,150
2465543,Guest suite,Entire home/apt,2,2,30,99
2468125,Apartment,Private room,1,1,1,219
2469485,Apartment,Entire home/apt,1.5,1,30,200
2471457,Apartment,Private room,1,1,2,200
2477409,Apartment,Entire home/apt,1,1,30,112
2477787,House,Entire home/apt,2.5,4,4,800
2478558,Apartment,Private room,1,1,1,219
2482884,House,Private room,1,1,3,80
2483759,Condominium,Private room,1,1,1,95
2486953,House,Entire home/apt,1,1,3,279
2488520,Loft,Shared room,1.5,1,30,200
2488837,Apartment,Entire home/apt,1,2,31,140
2496086,House,Entire home/apt,1,2,3,185
2496460,House,Entire home/apt,1.5,3,5,182
2496719,Condominium,Entire home/apt,1,1,30,125
2499257,House,Entire home/apt,3,3,30,333
2500662,House,Entire home/apt,2,3,30,265
2502368,House,Private room,1,1,3,105
2502543,House,Entire home/apt,1,2,7,215
2503408,Apartment,Entire home/apt,1,1,30,195
2509236,House,Private room,1,1,14,65
2510224,Apartment,Private room,1.5,1,30,80
2516026,House,Entire home/apt,3.5,3,3,695
2518781,House,Private room,1,1,3,164
2521327,House,Entire home/apt,1,1,30,92
2532756,House,Private room,1,1,30,75
2538807,Guest suite,Entire home/apt,1,1,4,69
2539953,House,Entire home/apt,2,5,2,650
2550991,Guest suite,Entire home/apt,1,0,30,135
2551994,Apartment,Entire home/apt,1,1,30,198
2557977,Apartment,Private room,1,1,3,105
2559297,Condominium,Entire home/apt,1,2,2,235
2564006,Apartment,Entire home/apt,1,0,30,122
2564140,Apartment,Entire home/apt,1,1,30,157
2578122,Apartment,Private room,1,1,4,88
2592518,House,Entire home/apt,1,2,2,333
2614717,House,Private room,1,1,2,98
2620371,Apartment,Entire home/apt,1,1,30,140
2629833,Apartment,Entire home/apt,1,3,30,232
2636716,Apartment,Entire home/apt,1,0,30,140
2645189,Apartment,Entire home/apt,1,1,30,126
2658295,Hotel,Private room,1,1,1,299
2665028,Loft,Entire home/apt,1.5,1,16,180
2670951,Condominium,Entire home/apt,2,3,30,395
2677273,Guest suite,Entire home/apt,1,1,2,180
2677288,Condominium,Private room,1,1,1,99
2683409,Condominium,Entire home/apt,1.5,2,2,545
2683857,House,Entire home/apt,2,3,4,280
2686530,Apartment,Private room,1,1,7,94
2694526,House,Private room,1,1,2,125
2702606,Apartment,Entire home/apt,0.5,1,30,194
2706776,House,Private room,1,1,4,188
2707422,Apartment,Entire home/apt,1,1,4,184
2710372,Townhouse,Entire home/apt,1,2,30,199
2723005,Apartment,Entire home/apt,2,3,3,820
2736358,House,Entire home/apt,1,1,2,185
2737894,Apartment,Private room,1.5,1,2,80
2738331,Apartment,Entire home/apt,1,1,30,99
2739477,House,Entire home/apt,3,3,2,425
2742151,Guest suite,Entire home/apt,1,2,3,240
2747383,Guest suite,Entire home/apt,1,2,2,295
2770268,House,Private room,1,1,2,100
2770561,House,Private room,1,1,2,80
2771128,Guest suite,Entire home/apt,1,0,3,220
2771688,Apartment,Entire home/apt,1,2,30,120
2783251,Guest suite,Entire home/apt,1,1,4,185
2790637,House,Entire home/apt,1,1,5,225
2802418,Apartment,Private room,2,1,2,109
2802480,Apartment,Entire home/apt,1,2,30,229
2804417,Apartment,Entire home/apt,1,1,30,230
2816626,Apartment,Entire home/apt,2,3,3,350
2823227,Townhouse,Entire home/apt,2,1,30,195
2824612,Condominium,Entire home/apt,2,3,31,275
2825966,Townhouse,Entire home/apt,1,1,30,169
2890120,House,Entire home/apt,1,2,1,275
2893920,Apartment,Private room,1.5,1,75,222
2904128,Bungalow,Entire home/apt,1,2,7,160
2925557,Apartment,Entire home/apt,1,2,30,300
2926901,Hotel,Private room,1,0,2,179
2927781,Townhouse,Private room,1.5,1,2,189
2933105,Apartment,Private room,1.5,1,2,110
2933899,Hotel,Private room,1,0,1,180
2935400,Apartment,Entire home/apt,1,1,30,97
2937902,Hotel,Private room,1,0,1,180
2939849,Apartment,Private room,1,1,30,99
2942149,House,Entire home/apt,1,3,3,400
2943327,Hotel,Private room,1,0,1,180
2944266,Apartment,Entire home/apt,2,2,2,225
2944843,House,Private room,1,1,1,90
2948159,Apartment,Entire home/apt,2,2,3,285
2949071,Apartment,Entire home/apt,1,2,30,150
2950592,House,Entire home/apt,2,3,4,450
2956406,House,Private room,1,1,3,115
2959323,Hostel,Private room,1,0,1,180
2960229,Hotel,Private room,1,0,1,180
2965433,Apartment,Entire home/apt,1.5,2,3,293
2968738,Apartment,Entire home/apt,1,2,2,599
2970161,Condominium,Entire home/apt,2,2,14,287
2970253,Apartment,Entire home/apt,1,1,30,125
2980184,Apartment,Entire home/apt,1,2,30,250
2984463,House,Private room,1,1,1,150
2994606,Guest suite,Private room,1,0,1,99
3013427,Condominium,Private room,1,1,30,200
3013520,Apartment,Entire home/apt,1,0,30,55
3015450,House,Private room,0.5,1,2,87
3028924,House,Private room,1,1,3,125
3029597,Apartment,Private room,1,1,1,99
3030653,Guest suite,Entire home/apt,1,1,2,140
3031766,House,Entire home/apt,2,4,4,530
3042811,Apartment,Entire home/apt,1,1,6,200
3043102,House,Entire home/apt,1,2,30,130
3053443,House,Private room,1.5,1,1,95
3068285,Condominium,Entire home/apt,1,0,30,117
3073038,Condominium,Private room,1,1,3,145
3079665,Apartment,Private room,1,2,30,145
3079929,House,Entire home/apt,1,2,3,375
3081324,House,Entire home/apt,2,3,3,450
3081560,House,Private room,1,1,2,150
3082327,House,Private room,1,1,3,90
3084671,Condominium,Entire home/apt,2,3,3,295
3093070,House,Private room,1,2,2,299
3093543,Condominium,Private room,1,1,7,105
3102139,House,Entire home/apt,2.5,3,3,650
3105361,Condominium,Entire home/apt,2,2,3,275
3105998,Apartment,Entire home/apt,1,1,4,225
3112427,Apartment,Entire home/apt,1,0,2,125
3116428,Condominium,Entire home/apt,1,2,4,200
3116974,Apartment,Entire home/apt,1,2,30,185
3122882,Apartment,Private room,1,1,2,140
3123536,House,Entire home/apt,1,2,2,275
3124541,Condominium,Private room,1,1,2,145
3133266,Apartment,Entire home/apt,1.5,3,30,280
3140113,House,Entire home/apt,1,2,2,195
3157463,House,Entire home/apt,2,2,7,400
3157541,Apartment,Private room,1,1,2,125
3168359,Guest suite,Entire home/apt,1,1,3,139
3175769,House,Entire home/apt,2,3,30,350
3176619,Condominium,Entire home/apt,2,3,7,750
3183280,Loft,Entire home/apt,2,1,30,375
3200340,Loft,Private room,1.5,1,30,75
3200431,Condominium,Private room,1,1,30,500
3201044,House,Entire home/apt,2,3,3,600
3205059,Apartment,Entire home/apt,1,1,31,145
3218306,Apartment,Private room,1,1,2,126
3221082,Apartment,Entire home/apt,2,3,30,279
3230459,Apartment,Entire home/apt,1,0,3,145
3240016,Apartment,Entire home/apt,1,1,30,115
3246879,Condominium,Entire home/apt,1,1,30,158
3250486,Condominium,Private room,1,1,6,146
3256704,Apartment,Entire home/apt,1.5,3,30,263
3257979,House,Private room,1,1,2,53
3261876,Apartment,Private room,1.5,1,3,159
3262216,House,Entire home/apt,2,3,3,360
3263219,House,Entire home/apt,1,2,4,240
3271517,House,Private room,1,1,3,125
3280443,Condominium,Entire home/apt,1,1,4,450
3290739,House,Private room,1,1,1,119
3292643,Apartment,Entire home/apt,1,2,3,245
3309722,Guest suite,Entire home/apt,1,1,2,200
3311711,Apartment,Private room,1.5,1,2,155
3312490,Apartment,Entire home/apt,1,1,3,155
3319159,Apartment,Entire home/apt,1,1,30,110
3319447,Apartment,Entire home/apt,1,0,2,195
3325741,Guest suite,Private room,1,1,1,129
3326640,Apartment,Entire home/apt,1,2,14,250
3333870,House,Private room,1,1,2,150
3333937,Apartment,Entire home/apt,1,1,30,138
3343629,House,Entire home/apt,2,3,30,217
3344631,Apartment,Entire home/apt,1,2,30,110
3354004,Apartment,Private room,1,1,30,70
3354928,Condominium,Entire home/apt,1,2,30,350
3355334,Serviced apartment,Private room,1,1,2,150
3376512,House,Entire home/apt,2,2,3,250
3376895,House,Private room,1,1,1,79
3377936,Condominium,Entire home/apt,1,2,30,148
3384413,Condominium,Entire home/apt,1,2,2,327
3385880,Apartment,Entire home/apt,1,2,2,375
3391368,Guest suite,Entire home/apt,1,0,4,125
3394127,Condominium,Entire home/apt,1,1,2,169
3395051,Apartment,Entire home/apt,3,2,5,900
3415171,Apartment,Entire home/apt,1,1,30,115
3416013,House,Private room,1,1,1,133
3433930,Condominium,Private room,1,1,4,96
3441517,House,Entire home/apt,1,1,3,150
3441949,Condominium,Entire home/apt,1,2,7,194
3442439,Guest suite,Entire home/apt,1,1,2,100
3469254,Apartment,Entire home/apt,2,1,30,100
3475515,Townhouse,Entire home/apt,1,2,30,179
3476601,Apartment,Entire home/apt,1,1,30,148
3479568,Apartment,Entire home/apt,1.5,2,3,375
3482655,Apartment,Entire home/apt,1,1,30,155
3486460,House,Private room,1,1,1,133
3506164,Guesthouse,Entire home/apt,1,1,3,175
3512817,Condominium,Private room,1,1,7,80
3519611,House,Entire home/apt,1.5,3,3,675
3520817,House,Entire home/apt,3.5,3,30,850
3522990,House,Entire home/apt,1,2,1,300
3532347,Townhouse,Entire home/apt,2.5,3,30,304
3534282,Apartment,Private room,1,1,3,119
3549398,Apartment,Private room,1,1,1,99
3563261,Apartment,Entire home/apt,1,1,30,185
3565068,Apartment,Entire home/apt,2,3,4,400
3585034,Condominium,Entire home/apt,1.5,2,3,200
3591813,Apartment,Entire home/apt,1.5,2,30,300
3594786,Condominium,Private room,2,2,2,250
3611131,Apartment,Entire home/apt,1,1,30,199
3612236,Apartment,Private room,1,1,1,110
3613500,House,Private room,1,2,3,425
3630122,House,Entire home/apt,1,3,5,675
3655811,Townhouse,Entire home/apt,1,1,30,148
3656251,House,Private room,1,1,1,72
3664261,Apartment,Entire home/apt,1,2,2,229
3664693,Apartment,Entire home/apt,1,0,30,86
3672198,Apartment,Entire home/apt,1,1,30,180
3689368,House,Entire home/apt,1,2,1,224
3697738,Apartment,Entire home/apt,1.5,3,30,280
3712976,Apartment,Entire home/apt,1,2,30,178
3716504,Apartment,Private room,1,1,5,95
3718865,Apartment,Entire home/apt,1,1,4,117
3719923,Apartment,Private room,1,1,3,78
3720392,Guest suite,Entire home/apt,1,1,3,141
3721927,Guest suite,Entire home/apt,1,1,4,199
3727061,Apartment,Entire home/apt,2,3,30,425
3743219,Apartment,Entire home/apt,1,1,30,120
3757966,Apartment,Entire home/apt,1,1,30,200
3759246,Guest suite,Entire home/apt,1,1,1,99
3759368,Guest suite,Entire home/apt,1,0,3,165
3761446,Condominium,Entire home/apt,2,3,2,"1,250"
3767907,Condominium,Entire home/apt,2,2,30,230
3775090,Apartment,Entire home/apt,1,0,30,122
3780418,Guest suite,Entire home/apt,1,0,2,170
3791003,House,Entire home/apt,2.5,4,2,375
3792754,Condominium,Entire home/apt,1,2,3,300
3793678,Guest suite,Entire home/apt,1,1,5,164
3793831,Condominium,Entire home/apt,1,1,2,199
3808193,Apartment,Entire home/apt,1,1,30,295
3811916,House,Private room,1,1,3,130
3812931,Apartment,Entire home/apt,1,1,30,129
3832296,Apartment,Entire home/apt,1,1,3,150
3844037,House,Entire home/apt,1,2,30,99
3852803,House,Entire home/apt,2,3,30,265
3862478,Apartment,Entire home/apt,2,2,31,445
3870174,House,Private room,1,1,2,99
3877462,Guest suite,Entire home/apt,1,1,3,85
3883252,House,Entire home/apt,1,1,3,165
3889219,Apartment,Entire home/apt,1.5,2,3,495
3890704,Apartment,Entire home/apt,3,2,30,180
3895335,Condominium,Private room,1,1,30,90
3895951,Apartment,Entire home/apt,1,1,30,165
3924524,Apartment,Private room,1,0,30,95
3944915,Apartment,Entire home/apt,1,2,30,135
3946571,House,Private room,1,1,2,120
3962831,Townhouse,Entire home/apt,1,2,2,595
3994686,Apartment,Entire home/apt,1,2,3,450
4013746,Apartment,Entire home/apt,1,0,2,150
4014209,Apartment,Entire home/apt,1,1,90,117
4015985,Apartment,Private room,1,1,30,147
4022209,Hotel,Private room,1,1,1,109
4022990,Hotel,Private room,1,1,1,129
4023249,House,Entire home/apt,1,3,4,500
4023585,Apartment,Entire home/apt,2,3,30,225
4026354,House,Entire home/apt,1,2,1,209
4033038,House,Entire home/apt,3.5,4,2,"1,500"
4037590,Condominium,Entire home/apt,2,3,30,550
4052091,Townhouse,Private room,1,1,3,175
4059549,Hotel,Private room,1,1,1,129
4069838,Guest suite,Entire home/apt,1,2,2,155
4069917,House,Entire home/apt,1,1,4,225
4074316,Apartment,Entire home/apt,1,1,5,210
4075971,House,Entire home/apt,1.5,2,30,275
4077186,Apartment,Entire home/apt,1,2,30,150
4093013,Condominium,Entire home/apt,2,2,1,"1,200"
4093807,House,Private room,1,1,2,119
4093967,House,Private room,2,1,3,139
4097700,Guest suite,Entire home/apt,1,1,4,220
4100473,Apartment,Entire home/apt,1,1,30,170
4104344,Townhouse,Private room,1,1,2,123
4105892,House,Private room,2,1,3,139
4105958,House,Private room,1,1,2,140
4106442,Apartment,Entire home/apt,1,1,30,120
4110344,Hotel,Private room,1,1,1,99
4111104,House,Entire home/apt,2,3,3,249
4121114,Apartment,Private room,1.5,1,30,145
4121691,House,Entire home/apt,1,2,2,110
4122671,Condominium,Private room,1,1,4,110
4135201,Townhouse,Private room,1,1,2,119
4145563,Apartment,Entire home/apt,1,1,30,141
4152054,Apartment,Entire home/apt,1,1,30,220
4157192,Guest suite,Entire home/apt,1,1,30,150
4157431,Apartment,Entire home/apt,1,1,30,135
4175174,Apartment,Entire home/apt,2,2,3,250
4175303,Apartment,Entire home/apt,1.5,1,4,80
4183088,Townhouse,Entire home/apt,2.5,3,2,"1,100"
4184406,Apartment,Private room,1,1,4,99
4191242,Apartment,Entire home/apt,1,1,30,135
4199015,Apartment,Entire home/apt,1,1,3,195
4215907,Guest suite,Entire home/apt,1,1,3,115
4226601,Apartment,Entire home/apt,1,1,5,128
4227441,Guest suite,Private room,1,1,2,90
4242823,Condominium,Entire home/apt,2,2,30,255
4243837,Cottage,Entire home/apt,1,1,3,225
4250927,Apartment,Entire home/apt,2,2,30,240
4252808,House,Entire home/apt,1,1,2,150
4257302,Guest suite,Entire home/apt,1,1,30,100
4259418,Guest suite,Entire home/apt,1,1,30,100
4263821,House,Private room,1,1,1,75
4269254,Guest suite,Entire home/apt,1,1,3,150
4277696,House,Private room,1,1,4,175
4280408,Apartment,Private room,1,1,2,160
4287481,Apartment,Entire home/apt,1,1,2,175
4305042,Guest suite,Entire home/apt,1,1,3,199
4319230,Apartment,Entire home/apt,1,1,30,75
4321720,Condominium,Private room,1,1,3,199
4330861,House,Entire home/apt,1,2,2,280
4334560,Apartment,Entire home/apt,1,1,30,170
4343283,House,Entire home/apt,1,1,3,139
4358868,House,Entire home/apt,2,3,2,550
4359078,Hotel,Private room,1,1,1,129
4359626,House,Entire home/apt,1.5,1,4,155
4365969,Guest suite,Entire home/apt,1,0,3,125
4372435,Apartment,Entire home/apt,1,1,3,135
4387067,House,Private room,1,1,1,139
4392441,Apartment,Entire home/apt,1,0,30,134
4402199,House,Private room,1,1,3,199
4416566,Apartment,Entire home/apt,1,1,30,150
4417901,Bed and breakfast,Private room,0,1,1,95
4418649,House,Private room,1,1,1,120
4422501,House,Entire home/apt,2.5,3,2,"1,250"
4429475,House,Entire home/apt,2.5,3,2,360
4429527,House,Entire home/apt,1,1,2,130
4430996,Bed and breakfast,Private room,0,1,1,95
4439461,House,Private room,1,1,1,139
4445540,Guest suite,Entire home/apt,1,1,30,130
4446003,House,Private room,1,1,2,175
4461197,Apartment,Entire home/apt,1,1,30,110
4462326,Apartment,Private room,1.5,1,30,105
4463165,Apartment,Private room,1,1,30,155
4463263,Apartment,Private room,2.5,4,30,369
4464347,Bed and breakfast,Shared room,10,1,1,38
4470873,Apartment,Entire home/apt,1,2,2,225
4471474,House,Entire home/apt,1,2,30,200
4476390,Apartment,Entire home/apt,1,1,31,100
4483550,Apartment,Entire home/apt,1,2,2,299
4493744,Condominium,Private room,1,1,4,65
4500244,Apartment,Entire home/apt,1,1,30,180
4510968,Apartment,Entire home/apt,1,1,1,120
4517932,Apartment,Entire home/apt,1,1,2,350
4518031,Bed and breakfast,Shared room,10,1,1,38
4519757,Bed and breakfast,Shared room,10,1,1,38
4519780,Bed and breakfast,Shared room,0,1,1,38
4526608,Guest suite,Entire home/apt,1,1,2,95
4527553,Apartment,Entire home/apt,1.5,2,30,290
4532551,Guest suite,Entire home/apt,1,1,3,259
4533440,Apartment,Private room,1,1,3,100
4533652,Apartment,Entire home/apt,1,2,2,139
4549330,Apartment,Entire home/apt,1,2,1,195
4549485,Apartment,Entire home/apt,1,1,5,170
4550843,Apartment,Entire home/apt,1,1,30,99
4558566,Apartment,Entire home/apt,2,3,3,300
4558898,Apartment,Private room,1,1,1,176
4566275,House,Entire home/apt,2,2,2,250
4575906,Apartment,Private room,1,1,30,60
4576349,Apartment,Private room,1,1,30,90
4577224,Guest suite,Private room,1,1,2,93
4594018,Apartment,Entire home/apt,2,2,180,500
4597675,Apartment,Private room,1,1,30,97
4603953,House,Entire home/apt,1,1,1,175
4607177,Apartment,Entire home/apt,1,0,30,215
4607282,House,Entire home/apt,1.5,2,2,300
4614763,Guest suite,Entire home/apt,1,1,3,175
4616040,Apartment,Entire home/apt,1,0,30,99
4616596,Apartment,Entire home/apt,1,1,4,290
4617719,Apartment,Entire home/apt,1,2,2,139
4621762,Apartment,Entire home/apt,1,2,30,150
4624467,Apartment,Private room,1.5,2,4,169
4631873,Hotel,Hotel room,1,1,1,99
4632133,Hotel,Private room,1,1,1,109
4638176,Apartment,Entire home/apt,2.5,3,365,296
4638266,Apartment,Private room,1,1,1,150
4638678,Boutique hotel,Private room,1,1,1,110
4639434,Apartment,Private room,1,1,3,120
4650391,House,Private room,1,1,2,95
4653022,House,Private room,1.5,1,1,62
4653332,Apartment,Entire home/apt,1,1,110,220
4654218,House,Private room,1.5,1,13,59
4654737,Apartment,Entire home/apt,1.5,2,30,350
4663060,Guest suite,Entire home/apt,1,1,1,140
4663132,House,Entire home/apt,2.5,3,3,575
4668872,Apartment,Entire home/apt,1,1,30,99
4670847,Bed and breakfast,Shared room,10,1,1,38
4677343,House,Private room,2,2,30,135
4678599,House,Entire home/apt,2,3,4,545
4695477,Guest suite,Entire home/apt,1,1,2,139
4701489,Condominium,Entire home/apt,1,0,1,249
4710280,Guest suite,Entire home/apt,1,1,30,119
4716964,Apartment,Entire home/apt,2,2,30,107
4718531,House,Private room,1,1,2,110
4718629,Guest suite,Private room,1,1,2,100
4718898,Apartment,Entire home/apt,1,1,30,230
4719139,Condominium,Entire home/apt,1,1,30,301
4720512,House,Private room,3,1,1,99
4728615,Apartment,Private room,1,1,1,89
4748287,House,Private room,1,1,30,88
4760192,House,Entire home/apt,3,4,4,350
4773944,Apartment,Entire home/apt,1,1,3,250
4774742,House,Private room,1,1,1,62
4782281,Apartment,Entire home/apt,1,2,2,180
4794816,House,Entire home/apt,2,3,2,439
4807817,House,Entire home/apt,1,1,30,150
4808522,House,Private room,1,1,7,155
4825026,House,Private room,1,1,30,64
4825217,Apartment,Entire home/apt,1,1,2,224
4832436,Apartment,Entire home/apt,1,1,3,250
4833101,House,Private room,1,1,2,120
4838843,Apartment,Entire home/apt,1.5,2,4,550
4841027,House,Private room,1,1,2,105
4855194,Apartment,Private room,1.5,1,30,100
4855686,House,Entire home/apt,1,2,3,250
4856290,Condominium,Private room,1.5,2,30,250
4863182,Apartment,Entire home/apt,1,1,30,124
4867594,Apartment,Entire home/apt,1,3,90,170
4875549,House,Private room,1,1,1,145
4880695,House,Entire home/apt,1,5,2,450
4880988,Apartment,Entire home/apt,2,2,30,126
4882295,House,Private room,1,1,4,89
4887475,Bed and breakfast,Private room,1,1,1,83
4887587,Bed and breakfast,Private room,0,1,1,83
4888308,Apartment,Entire home/apt,1,2,2,250
4890230,Bed and breakfast,Shared room,10,1,1,38
4892016,Hotel,Private room,1,1,1,169
4896087,Apartment,Entire home/apt,1,1,30,105
4897143,Bed and breakfast,Shared room,10,1,1,38
4897595,Townhouse,Private room,1,1,30,85
4902063,Apartment,Private room,1,1,1,89
4902365,Bed and breakfast,Shared room,10,1,1,38
4902444,Bed and breakfast,Shared room,10,1,1,38
4902565,Apartment,Private room,0.5,1,1,125
4902729,Apartment,Private room,1,1,1,115
4902855,Apartment,Private room,1,1,1,99
4902907,Apartment,Private room,1,1,1,115
4907924,House,Private room,1,1,30,125
4909117,Apartment,Private room,1,1,1,129
4921641,House,Private room,1.5,1,30,75
4936887,Guest suite,Entire home/apt,1,2,2,325
4949779,House,Private room,1,1,60,125
4956697,Apartment,Entire home/apt,1,2,2,140
4957143,Guest suite,Entire home/apt,1,1,3,225
4959980,Guest suite,Entire home/apt,1,2,2,203
4962043,House,Private room,1,1,1,109
4965866,Guest suite,Entire home/apt,1,1,30,156
4987668,Condominium,Private room,1,1,1,121
4993804,House,Entire home/apt,4.5,5,3,775
5004303,Apartment,Entire home/apt,1,1,30,148
5007358,Apartment,Private room,1,1,1,156
5013816,House,Private room,1,1,1,139
5019863,Apartment,Private room,1,1,30,160
5025420,Apartment,Private room,1,1,30,100
5027016,Apartment,Entire home/apt,1,0,30,90
5031525,Guest suite,Entire home/apt,1,1,30,200
5031660,Apartment,Private room,1,1,30,120
5039206,Condominium,Entire home/apt,1,1,30,192
5045601,House,Entire home/apt,1,1,31,175
5068486,Apartment,Entire home/apt,1.5,2,3,183
5070945,Apartment,Private room,1,1,1,59
5070973,Apartment,Private room,1,1,1,89
5076251,Apartment,Entire home/apt,1,1,30,100
5086367,Apartment,Private room,1,1,90,93
5094146,Apartment,Private room,1,1,2,65
5114942,Boutique hotel,Private room,1,0,2,350
5117701,Apartment,Entire home/apt,1,1,30,269
5126076,Condominium,Entire home/apt,2,1,5,350
5144482,Guest suite,Entire home/apt,1,1,30,139
5151423,House,Private room,1,1,2,144
5154227,House,Entire home/apt,2,4,3,575
5154242,Apartment,Private room,1,1,30,50
5154367,House,Private room,2,1,1,80
5162669,House,Private room,1,1,2,90
5172959,Apartment,Private room,1,1,30,150
5173043,Serviced apartment,Private room,1,1,2,252
5174935,House,Entire home/apt,1.5,1,2,185
5180749,Apartment,Entire home/apt,1,1,30,99
5193689,House,Private room,1,1,3,200
5194736,House,Entire home/apt,2.5,2,4,525
5195922,House,Private room,1,1,30,56
5196070,House,Private room,1,1,30,50
5196116,House,Private room,1,1,30,50
5196233,House,Entire home/apt,1,0,30,50
5196399,Hostel,Shared room,2,1,2,55
5202841,Guest suite,Entire home/apt,1,1,30,250
5212418,Apartment,Entire home/apt,1,1,30,200
5212469,Condominium,Entire home/apt,2,2,120,190
5217164,Guest suite,Private room,1,1,2,118
5222044,Apartment,Entire home/apt,2,2,5,250
5242394,Apartment,Entire home/apt,1,1,2,150
5253001,Condominium,Entire home/apt,1,1,30,200
5253439,Hostel,Shared room,2,1,30,33
5272750,Bed and breakfast,Private room,10,1,1,99
5286047,Apartment,Entire home/apt,1,1,2,240
5286779,Apartment,Private room,1,1,30,55
5286782,Apartment,Private room,1,1,30,59
5299461,Hostel,Shared room,2,1,2,55
5299538,Hostel,Shared room,2,1,30,33
5309546,Condominium,Entire home/apt,1.5,3,30,200
5317789,Apartment,Entire home/apt,1,2,1,200
5318758,Apartment,Private room,1,1,2,99
5319588,House,Private room,1,1,2,99
5320351,Apartment,Private room,1.5,1,30,80
5325355,Guest suite,Entire home/apt,1.5,1,2,200
5327231,Condominium,Entire home/apt,2,3,7,450
5345792,Apartment,Private room,1,1,3,165
5346803,Apartment,Entire home/apt,1,1,7,195
5376278,Apartment,Private room,1.5,1,30,90
5394755,House,Private room,1,1,4,89
5405637,Serviced apartment,Hotel room,1,1,30,189
5406893,Condominium,Entire home/apt,2,3,30,288
5433133,Condominium,Entire home/apt,2,3,30,350
5436115,Apartment,Private room,1,1,30,85
5443493,Condominium,Entire home/apt,1,1,3,400
5468835,Apartment,Shared room,1,1,1,60
5480795,Hotel,Private room,1,1,1,129
5500218,Apartment,Entire home/apt,1,2,1,135
5505643,Apartment,Entire home/apt,2,2,30,260
5537718,House,Entire home/apt,2.5,4,5,350
5547500,House,Private room,1,1,1,124
5548977,Apartment,Entire home/apt,1,0,2,178
5550248,House,Private room,1,1,1,80
5557316,Apartment,Entire home/apt,2.5,2,31,180
5558933,Apartment,Entire home/apt,1,1,30,141
5559608,Apartment,Private room,1,1,2,185
5560256,Apartment,Private room,1,1,30,195
5572169,House,Private room,1,1,1,169
5577516,Guest suite,Entire home/apt,1,2,30,135
5581254,Guest suite,Entire home/apt,2,2,3,155
5591544,Apartment,Entire home/apt,1.5,2,2,250
5592637,Apartment,Entire home/apt,1,2,30,154
5592675,Apartment,Entire home/apt,1,1,30,125
5592754,Apartment,Entire home/apt,2,2,30,283
5615061,Condominium,Entire home/apt,1,2,2,"1,000"
5616609,House,Private room,1,1,1,141
5617847,House,Private room,1.5,1,3,125
5631995,Apartment,Private room,1.5,1,1,139
5632275,Apartment,Entire home/apt,1,1,30,165
5632452,House,Entire home/apt,1,1,1,150
5632672,Apartment,Private room,2.5,4,30,400
5666413,Apartment,Entire home/apt,1,0,30,110
5666454,Apartment,Entire home/apt,1,0,30,110
5696895,Apartment,Entire home/apt,1,2,31,66
5697110,Apartment,Entire home/apt,1,1,30,200
5749181,Apartment,Entire home/apt,1,0,2,215
5749839,House,Entire home/apt,1,1,1,140
5774490,Guest suite,Private room,1,1,2,120
5785978,House,Private room,1,1,2,80
5788099,Apartment,Entire home/apt,2,3,2,625
5804060,Apartment,Entire home/apt,1,1,30,125
5821380,Apartment,Entire home/apt,1,2,30,350
5849626,Apartment,Entire home/apt,1,0,3,250
5852066,Apartment,Private room,1,1,2,144
5853587,House,Private room,1,1,5,60
5858973,House,Entire home/apt,3,3,30,520
5861266,House,Private room,1,1,2,200
5863674,Guest suite,Private room,1,1,2,200
5871250,Hostel,Shared room,2,1,30,79
5882524,House,Entire home/apt,2,3,3,250
5884735,Condominium,Private room,1,1,3,80
5891594,Apartment,Entire home/apt,1,3,30,235
5904304,Apartment,Private room,1,1,3,99
5904305,Apartment,Private room,1,1,3,79
5905163,Apartment,Private room,1,1,30,60
5905530,Condominium,Private room,1,1,6,75
5918090,House,Entire home/apt,1,2,2,275
5918432,Condominium,Entire home/apt,1.5,3,55,130
5919500,Apartment,Entire home/apt,1,1,1,279
5932678,Apartment,Entire home/apt,1,1,30,249
5933430,Apartment,Entire home/apt,1,3,2,500
5944921,Apartment,Private room,1,1,3,95
5944989,Condominium,Entire home/apt,2.5,2,1,1300
5945396,Serviced apartment,Entire home/apt,3.5,3,1,1252
5945605,Apartment,Entire home/apt,2.5,2,2,1465
5945812,Serviced apartment,Entire home/apt,1.5,1,1,975
5970639,House,Entire home/apt,1,1,30,109
5980039,House,Entire home/apt,1.5,1,5,270
5990171,Apartment,Entire home/apt,1,3,30,235
5998790,Townhouse,Private room,1,1,1,80
6006021,Condominium,Entire home/apt,1.5,2,30,280
6006768,Guest suite,Entire home/apt,1,1,3,140
6007925,Condominium,Entire home/apt,1,2,5,350
6015077,Apartment,Entire home/apt,2,3,30,199
6016647,Guest suite,Private room,1,1,3,150
6020579,House,Entire home/apt,2,4,5,233
6042966,House,Entire home/apt,1,3,3,375
6072316,House,Entire home/apt,2,4,3,600
6072767,Guest suite,Entire home/apt,1,1,2,200
6074750,House,Private room,1,1,2,156
6080799,Apartment,Entire home/apt,1,1,2,95
6090316,House,Entire home/apt,2,2,30,200
6091945,House,Private room,1,1,3,90
6092049,Guest suite,Entire home/apt,1,1,1,268
6092596,Guest suite,Entire home/apt,1,1,1,174
6103791,House,Private room,1,1,1,79
6107258,Hotel,Private room,1,1,1,209
6107359,Apartment,Entire home/apt,1,2,2,299
6108439,House,Entire home/apt,1,2,3,245
6117147,Guest suite,Entire home/apt,1,1,2,135
6119086,Guest suite,Entire home/apt,1,1,30,125
6119683,Apartment,Private room,1,1,4,199
6120540,House,Private room,0,1,1,49
6132191,Condominium,Entire home/apt,3,3,1,499
6134800,Apartment,Entire home/apt,3,2,2,300
6145605,Apartment,Entire home/apt,1,0,2,150
6156195,Apartment,Entire home/apt,1,1,30,249
6163821,House,Private room,1,1,1,146
6168622,Loft,Entire home/apt,2,1,30,300
6169292,Hotel,Private room,1,1,1,129
6181182,Apartment,Entire home/apt,1,1,30,229
6188428,Hotel,Private room,1,2,2,688
6195258,House,Entire home/apt,1,2,2,250
6214853,Apartment,Entire home/apt,1,1,30,110
6224858,House,Entire home/apt,1.5,3,4,450
6238514,Apartment,Entire home/apt,1,2,1,350
6245649,Apartment,Entire home/apt,1,1,30,98
6257770,Apartment,Entire home/apt,1,2,30,255
6261638,Apartment,Entire home/apt,2,2,30,173
6272183,Apartment,Entire home/apt,1,1,30,85
6272816,Apartment,Private room,1,1,1,125
6273036,House,Entire home/apt,1,1,3,160
6301675,Apartment,Entire home/apt,1,0,30,151
6316753,House,Private room,2,1,5,65
6324586,Apartment,Entire home/apt,1.5,2,4,900
6326133,Condominium,Entire home/apt,1,1,4,225
6329340,Condominium,Entire home/apt,1,3,30,3000
6329731,Condominium,Private room,1,1,30,180
6331695,Apartment,Entire home/apt,1,1,1,196
6335352,House,Entire home/apt,2.5,3,3,500
6336315,Condominium,Private room,1,1,2,240
6338562,House,Private room,1,1,140,200
6344096,House,Private room,1,1,30,99
6344500,Condominium,Entire home/apt,1,1,2,250
6348742,House,Entire home/apt,1,1,30,125
6360976,Apartment,Entire home/apt,1.5,2,30,200
6364873,Condominium,Entire home/apt,1,2,5,342
6365190,Apartment,Private room,1,1,30,89
6365956,House,Private room,1,1,1,129
6373849,Apartment,Entire home/apt,1,1,30,116
6374167,House,Private room,1,1,7,80
6376338,House,Entire home/apt,3,4,3,680
6378495,Loft,Private room,1,1,30,89
6387526,House,Entire home/apt,2.5,3,30,325
6402782,Condominium,Entire home/apt,1,2,4,185
6415052,Condominium,Entire home/apt,2,3,5,370
6423158,Apartment,Entire home/apt,1,0,2,139
6430646,House,Private room,1,1,2,120
6437010,Apartment,Private room,1.5,1,4,91
6448545,Apartment,Entire home/apt,2,3,30,300
6453006,House,Private room,1,1,3,135
6453774,Condominium,Entire home/apt,1,0,1,249
6464280,Condominium,Entire home/apt,2,3,2,450
6481492,Condominium,Entire home/apt,1,2,4,349
6494663,House,Private room,1,1,1,84
6505426,Guest suite,Entire home/apt,1,1,2,200
6512986,House,Entire home/apt,1,2,30,250
6514826,Condominium,Entire home/apt,1,2,3,265
6516295,Loft,Entire home/apt,1.5,1,30,250
6518261,Apartment,Entire home/apt,1,2,5,169
6522477,House,Private room,1,1,4,300
6523507,Cottage,Entire home/apt,1,0,4,265
6526129,Apartment,Entire home/apt,1,0,30,129
6526344,Apartment,Private room,1,1,60,50
6529234,Loft,Entire home/apt,1,0,5,114
6544530,Apartment,Entire home/apt,2.5,2,3,399
6552586,Apartment,Private room,1,1,30,70
6557736,House,Private room,1,1,1,75
6560870,Apartment,Entire home/apt,1,1,3,135
6587558,Apartment,Private room,1,1,30,60
6591087,Loft,Private room,1.5,1,30,375
6591405,Apartment,Entire home/apt,2.5,2,30,380
6600081,House,Private room,1,1,3,95
6601749,Apartment,Entire home/apt,1,1,30,74
6604564,Townhouse,Entire home/apt,1,2,1,350
6604799,Townhouse,Private room,1,1,1,160
6609412,House,Entire home/apt,2,4,1,1000
6627450,Apartment,Entire home/apt,2.5,3,30,300
6628985,Condominium,Private room,1,1,2,109
6629798,House,Private room,1,1,2,120
6643496,House,Private room,1,1,5,150
6648062,House,Private room,1,1,3,110
6649234,Condominium,Entire home/apt,1,0,1,259
6653474,Guest suite,Entire home/apt,1,1,2,149
6662128,Apartment,Private room,2,1,30,66
6662231,Apartment,Private room,2,1,30,68
6684182,House,Entire home/apt,1.5,3,3,295
6688004,House,Private room,1,1,3,105
6691495,House,Private room,1,1,30,80
6701045,Condominium,Entire home/apt,1,2,30,370
6713990,Condominium,Entire home/apt,1,1,14,150
6715383,Apartment,Entire home/apt,1,1,30,105
6716133,Apartment,Entire home/apt,1,0,30,100
6727254,Apartment,Private room,1.5,1,30,105
6730473,Apartment,Entire home/apt,1,1,30,88
6747672,Apartment,Entire home/apt,1,1,30,219
6748645,House,Entire home/apt,2,3,4,350
6749412,Apartment,Entire home/apt,1,1,1,300
6782479,House,Entire home/apt,1,1,3,300
6793767,Apartment,Entire home/apt,1,0,31,99
6796392,House,Entire home/apt,1,2,30,185
6798145,Townhouse,Entire home/apt,1.5,2,31,110
6800168,Apartment,Entire home/apt,1,3,3,190
6822070,House,Entire home/apt,1,1,1,159
6822748,Apartment,Entire home/apt,1,1,30,260
6835302,Apartment,Entire home/apt,1,1,30,240
6835462,Condominium,Entire home/apt,1,1,30,252
6836411,Condominium,Entire home/apt,1,0,1,249
6836785,Apartment,Entire home/apt,1,0,1,193
6836928,Loft,Entire home/apt,2.5,3,30,1000
6864929,House,Entire home/apt,4,4,7,710
6870420,House,Entire home/apt,3,4,5,1000
6883183,Serviced apartment,Entire home/apt,1,1,2,195
6885422,House,Entire home/apt,2,4,4,399
6887043,Apartment,Entire home/apt,1,1,30,150
6887081,Condominium,Entire home/apt,1,2,3,350
6898334,Apartment,Entire home/apt,1,1,30,220
6911587,Apartment,Private room,1,1,2,100
6913294,House,Private room,1,1,1,90
6915497,House,Entire home/apt,1.5,3,3,400
6922612,Condominium,Entire home/apt,1,1,5,128
6926901,House,Entire home/apt,2,2,3,300
6934867,House,Entire home/apt,1,3,30,219
6934874,House,Entire home/apt,1,2,30,157
6936417,House,Entire home/apt,1,1,3,265
6938818,House,Private room,1,1,3,75
6940354,House,Private room,1,1,3,99
6940448,House,Private room,1,1,3,80
6955678,Apartment,Private room,1.5,1,30,83
6957662,Apartment,Entire home/apt,1,1,5,225
6968158,Townhouse,Private room,1,1,3,158
6970746,House,Private room,1,1,2,140
6973383,House,Private room,2,1,5,60
6973631,Apartment,Private room,1,1,2,197
6974259,House,Entire home/apt,1,2,30,170
6975064,Apartment,Entire home/apt,1,1,30,100
6985131,Guest suite,Entire home/apt,1,1,3,95
6993593,House,Private room,1.5,1,1,159
7004802,Apartment,Entire home/apt,1,2,3,245
7007759,House,Private room,1,1,7,219
7009654,House,Private room,1,1,2,75
7009791,House,Private room,2,1,3,125
7009809,House,Entire home/apt,2.5,3,30,190
7012313,House,Private room,1,1,30,93
7020637,Condominium,Entire home/apt,1,1,1,150
7022309,Condominium,Private room,1.5,1,2,88
7026287,Guest suite,Private room,1,1,2,125
7027139,Apartment,Private room,1,1,3,190
7028127,Apartment,Entire home/apt,1,4,5,250
7034114,Condominium,Private room,1.5,1,3,115
7035672,Guest suite,Entire home/apt,1,0,2,179
7038488,House,Entire home/apt,2,3,6,240
7054235,House,Private room,1,1,3,99
7065335,House,Entire home/apt,1,2,2,174
7065694,House,Entire home/apt,1,2,30,350
7067087,Bed and breakfast,Shared room,10,1,1,38
7067681,Bed and breakfast,Shared room,10,1,1,38
7068804,House,Private room,1,1,2,53
7072662,Apartment,Entire home/apt,1,0,90,132
7093018,Apartment,Private room,1,1,30,50
7111861,House,Entire home/apt,4.5,3,3,1000
7140740,House,Private room,1,1,3,129
7143032,Apartment,Private room,1,1,1,110
7146663,Condominium,Entire home/apt,1,0,3,449
7162627,Apartment,Entire home/apt,1,1,30,120
7178670,Apartment,Private room,1,1,1,239
7180020,Loft,Entire home/apt,1.5,1,4,269
7181279,Guest suite,Entire home/apt,1,0,2,125
7181655,House,Entire home/apt,3.5,4,3,875
7182761,Apartment,Private room,1,1,3,130
7196412,House,Private room,1,1,30,130
7202063,Condominium,Entire home/apt,1,1,30,249
7204761,Condominium,Entire home/apt,1,3,3,320
7217193,Apartment,Entire home/apt,1,1,2,295
7220035,Apartment,Entire home/apt,1,1,2,140
7222704,Guest suite,Entire home/apt,1,1,2,109
7226841,Apartment,Private room,1,1,30,116
7227605,Apartment,Entire home/apt,1.5,3,30,750
7227859,House,Private room,1,1,30,119
7227910,Condominium,Entire home/apt,4.5,5,5,975
7228563,House,Entire home/apt,2.5,3,7,400
7247351,Guesthouse,Entire home/apt,1,1,2,125
7247746,House,Private room,1,1,2,95
7259606,House,Private room,2,1,2,60
7259880,House,Private room,2,1,2,75
7275084,House,Private room,1,1,2,115
7281346,House,Entire home/apt,2,3,4,300
7290262,Condominium,Private room,1.5,1,2,95
7292878,House,Entire home/apt,1,1,1,155
7302136,Apartment,Entire home/apt,1,1,28,99
7309811,Loft,Entire home/apt,1,1,2,280
7309852,Apartment,Entire home/apt,1,2,3,179
7323097,Guest suite,Entire home/apt,1,2,30,120
7327920,Apartment,Entire home/apt,1,1,3,238
7329639,House,Private room,1,1,30,92
7331464,Guest suite,Entire home/apt,1,2,2,250
7340055,Apartment,Private room,1,1,3,200
7341076,House,Private room,1,1,2,90
7342996,House,Private room,1,1,4,210
7343245,Townhouse,Entire home/apt,2,4,3,900
7343277,Hostel,Shared room,10,1,1,38
7344289,Apartment,Entire home/apt,1,2,1,400
7345170,House,Private room,1,1,4,210
7345468,Guest suite,Entire home/apt,1,0,3,220
7348398,House,Private room,1,1,2,125
7360699,House,Entire home/apt,1,2,30,140
7367530,Apartment,Private room,1,1,1,110
7386838,Loft,Entire home/apt,2.5,3,2,750
7389541,House,Entire home/apt,1,1,2,250
7393518,Guest suite,Entire home/apt,1,0,2,199
7402986,House,Entire home/apt,2,3,2,275
7404181,Condominium,Entire home/apt,2,3,30,475
7437925,Townhouse,Private room,2,1,30,125
7439398,Apartment,Entire home/apt,1,1,30,339
7459197,House,Entire home/apt,2.5,3,2,565
7459988,Condominium,Entire home/apt,1,2,30,193
7478631,Guest suite,Entire home/apt,1,0,30,95
7483031,House,Entire home/apt,1,2,3,148
7493513,Apartment,Entire home/apt,1,1,30,218
7493861,Apartment,Entire home/apt,1,1,30,232
7499793,House,Private room,1,1,2,130
7514742,Guest suite,Private room,1,1,2,114
7544803,House,Entire home/apt,1,3,3,400
7547105,Condominium,Entire home/apt,1,1,3,128
7548762,Apartment,Private room,1,1,1,110
7549488,Condominium,Entire home/apt,2.5,4,2,475
7558236,House,Entire home/apt,3.5,5,3,"1,025"
7562249,Apartment,Entire home/apt,1,1,30,185
7562547,Guest suite,Entire home/apt,1,1,2,375
7564371,Apartment,Entire home/apt,1,2,3,300
7596529,House,Entire home/apt,2,3,3,625
7602795,Apartment,Entire home/apt,1,2,30,135
7612118,House,Entire home/apt,1,1,3,262
7618503,Condominium,Entire home/apt,1,1,30,200
7618833,Apartment,Entire home/apt,1,2,30,160
7637533,Loft,Shared room,1.5,1,30,45
7665362,Loft,Entire home/apt,2.5,2,2,700
7666482,Apartment,Entire home/apt,2,2,31,145
7676566,House,Entire home/apt,2,3,2,599
7680348,Apartment,Private room,1,1,2,199
7681228,Apartment,Entire home/apt,1,0,31,150
7689528,Condominium,Private room,1,1,2,188
7695697,Loft,Private room,1,1,30,65
7696468,Apartment,Entire home/apt,1,1,3,250
7697503,House,Private room,2,1,1,80
7699276,Apartment,Private room,1,2,2,175
7699710,House,Entire home/apt,2.5,3,3,450
7701360,House,Entire home/apt,3.5,3,3,995
7715542,Guest suite,Private room,1,1,1,170
7715861,Serviced apartment,Entire home/apt,2.5,2,1,"1,300"
7718075,Apartment,Private room,2,1,2,110
7726184,Apartment,Entire home/apt,1.5,2,2,275
7729217,Condominium,Private room,1,1,1,170
7754018,Condominium,Entire home/apt,1,0,1,269
7764531,Apartment,Entire home/apt,1,2,2,397
7785897,Guest suite,Entire home/apt,1,1,1,95
7788844,Apartment,Entire home/apt,2,3,2,228
7805578,House,Entire home/apt,1,1,5,299
7808104,Condominium,Entire home/apt,1,2,3,220
7810254,Condominium,Entire home/apt,1.5,2,4,320
7823272,Apartment,Entire home/apt,1,1,2,145
7825894,Apartment,Entire home/apt,1,0,30,80
7840831,Condominium,Entire home/apt,1,2,3,550
7841744,Condominium,Entire home/apt,2,1,3,265
7842771,House,Entire home/apt,2,3,30,217
7844031,Condominium,Entire home/apt,1.5,1,30,260
7854509,Apartment,Entire home/apt,1,2,3,175
7856443,Apartment,Entire home/apt,2.5,3,3,400
7859448,Apartment,Private room,2.5,2,30,180
7870535,Apartment,Entire home/apt,1,2,30,210
7873804,Apartment,Private room,1.5,1,4,400
7884875,House,Entire home/apt,2,2,5,370
7886634,Apartment,Entire home/apt,1,0,3,125
7896925,House,Entire home/apt,1,1,4,400
7897391,Hotel,Private room,1,0,2,180
7899085,Apartment,Entire home/apt,1,1,2,140
7902505,Guest suite,Entire home/apt,1,0,3,150
7902889,Loft,Shared room,1,1,30,90
7903768,Apartment,Private room,1,1,60,100
7922690,House,Private room,1,1,2,100
7923146,Apartment,Entire home/apt,1,2,2,390
7930461,Guest suite,Private room,1,1,2,109
7930685,Townhouse,Entire home/apt,1,2,2,250
7931074,Apartment,Entire home/apt,1,1,30,185
7933407,House,Entire home/apt,1,2,2,225
7933558,Apartment,Private room,1,1,30,49
7933807,House,Private room,2,2,2,200
7939511,House,Private room,1,1,2,95
7949624,House,Private room,1,1,1,127
7949668,House,Private room,1,1,1,132
7950946,House,Entire home/apt,1,2,2,350
7958214,Hotel,Private room,1,0,2,180
7958278,Hotel,Private room,1,0,2,180
7958316,Hotel,Private room,1,0,2,180
7958349,Hotel,Private room,1,0,2,180
7963103,Condominium,Entire home/apt,1,0,1,269
7968598,Apartment,Entire home/apt,1,1,3,220
7968749,Apartment,Entire home/apt,1.5,2,2,640
7972067,Apartment,Entire home/apt,1,1,2,155
7973781,House,Entire home/apt,1,2,30,255
7975011,Apartment,Private room,1,1,30,69
7982082,House,Entire home/apt,1,2,3,450
7989636,Condominium,Private room,1,1,3,140
7998215,House,Private room,1,1,1,173
8005452,Apartment,Entire home/apt,1.5,2,30,165
8018902,House,Private room,0,1,30,70
8030646,House,Private room,2,1,1,99
8033268,Hotel,Private room,1,0,2,180
8033975,Hotel,Private room,1,0,2,180
8035001,House,Entire home/apt,1,1,1,150
8041262,Condominium,Entire home/apt,2,4,3,495
8048653,House,Private room,1,1,2,120
8049455,Apartment,Entire home/apt,1,1,7,175
8051735,Townhouse,Entire home/apt,1,3,30,162
8053481,Condominium,Entire home/apt,3,3,2,250
8053887,Apartment,Entire home/apt,1,1,30,185
8055632,Guest suite,Private room,1,1,2,120
8061617,Apartment,Entire home/apt,1,1,30,299
8066789,Apartment,Private room,2,1,1125,3200
8068539,Apartment,Entire home/apt,2,3,30,199
8082364,Apartment,Entire home/apt,1,2,30,170
8084285,Hotel,Private room,1,0,2,190
8084290,Hotel,Private room,1,0,2,190
8085920,House,Private room,1,1,30,129
8086877,Apartment,Entire home/apt,1,1,30,272
8089051,Hotel,Private room,1,0,2,250
8090484,Apartment,Entire home/apt,1,1,30,100
8101297,Apartment,Private room,1.5,1,2,149
8101619,House,Entire home/apt,2,3,1,250
8102262,House,Private room,1,1,30,56
8105804,Apartment,Entire home/apt,2,2,30,301
8105974,Apartment,Entire home/apt,2,2,3,358
8117174,House,Entire home/apt,1,2,4,299
8117667,House,Private room,1,1,3,139
8119395,House,Entire home/apt,4.5,6,2,2000
8125277,House,Entire home/apt,2.5,5,30,365
8151772,House,Private room,1.5,1,30,83
8151839,House,Private room,1.5,1,30,70
8151907,House,Private room,1.5,1,30,70
8151934,House,Private room,1.5,1,30,75
8151985,Apartment,Entire home/apt,1,1,4,225
8152867,House,Private room,1,1,2,99
8155106,Condominium,Private room,1,1,1,175
8155586,House,Private room,3,4,3,410
8159544,Townhouse,Private room,1,1,13,200
8164773,Apartment,Entire home/apt,1,1,30,210
8167459,House,Private room,1,1,2,133
8172628,Apartment,Private room,1.5,1,3,140
8187584,Guest suite,Entire home/apt,1,1,1,146
8192881,Guest suite,Entire home/apt,1,1,2,150
8195090,Other,Entire home/apt,1,0,2,135
8195144,House,Private room,1,1,2,135
8202578,Condominium,Entire home/apt,1,0,1,249
8207665,House,Private room,1,2,2,204
8208052,Condominium,Entire home/apt,1,1,60,129
8209055,Apartment,Entire home/apt,1,0,3,150
8209591,Apartment,Private room,1,1,30,39
8221207,Guest suite,Private room,1,1,30,140
8241198,House,Entire home/apt,2,2,1,350
8255072,House,Private room,1,1,2,105
8270952,Bungalow,Entire home/apt,1,1,30,130
8272458,Apartment,Entire home/apt,1,1,2,259
8274904,House,Private room,1,1,2,120
8275596,House,Private room,1,1,3,104
8276309,Condominium,Private room,1,1,1,95
8277718,House,Private room,1,1,1,90
8287266,House,Private room,1,1,2,150
8290464,Guest suite,Entire home/apt,1,1,2,185
8308630,House,Private room,1,1,4,89
8328410,Apartment,Entire home/apt,1,0,30,149
8336042,Guesthouse,Entire home/apt,1,0,2,165
8336228,Guest suite,Entire home/apt,2,2,3,250
8336617,Apartment,Entire home/apt,1,1,30,110
8338986,Apartment,Entire home/apt,1,1,30,255
8340498,Apartment,Entire home/apt,1,0,31,176
8342838,Apartment,Private room,1,1,180,100
8351923,Guest suite,Entire home/apt,1,0,30,99
8352275,Hotel,Private room,1,1,1,129
8356380,Guest suite,Private room,1,1,1,98
8382187,House,Entire home/apt,1,1,1,100
8411606,House,Private room,1,1,2,135
8418067,House,Entire home/apt,3,3,30,293
8422161,Condominium,Entire home/apt,1,1,30,501
8438267,Apartment,Entire home/apt,1,2,3,195
8441614,Apartment,Entire home/apt,1,1,30,350
8456859,Guest suite,Entire home/apt,1,1,30,150
8459807,House,Private room,1,3,4,220
8461190,Apartment,Entire home/apt,1,2,30,139
8464365,Condominium,Private room,2,1,2,95
8472083,Guest suite,Private room,1,1,3,170
8472666,Apartment,Entire home/apt,1,2,2,250
8472927,Apartment,Entire home/apt,1,1,4,144
8474183,Apartment,Entire home/apt,1,1,2,177
8474452,Guest suite,Entire home/apt,1,1,2,109
8487735,Apartment,Entire home/apt,1,0,3,115
8489712,Condominium,Entire home/apt,1,0,30,110
8499631,Guest suite,Entire home/apt,1,0,2,260
8500048,Apartment,Entire home/apt,1,1,30,159
8501670,Condominium,Entire home/apt,1,1,30,246
8520295,Apartment,Entire home/apt,1,0,30,129
8524982,Townhouse,Entire home/apt,1,1,3,205
8542873,Apartment,Entire home/apt,1,1,30,138
8554141,Apartment,Private room,1,1,1,110
8556635,House,Entire home/apt,2,3,30,186
8564563,Apartment,Entire home/apt,1,2,2,220
8565105,Apartment,Private room,1,1,1,110
8568826,House,Private room,1,1,3,95
8576907,House,Entire home/apt,3,4,5,599
8578964,Loft,Entire home/apt,2,2,30,550
8584000,Apartment,Entire home/apt,1,1,30,250
8590211,Condominium,Entire home/apt,3,3,30,270
8591098,House,Entire home/apt,2.5,3,3,1000
8592609,Loft,Entire home/apt,1,1,30,140
8595304,House,Private room,1,1,2,225
8597021,House,Private room,1,1,2,103
8612967,Apartment,Entire home/apt,2,3,3,499
8646903,House,Entire home/apt,1,1,30,220
8653346,Condominium,Entire home/apt,1,1,2,200
8655125,House,Entire home/apt,4,4,4,360
8684508,Apartment,Private room,1,1,1,110
8685570,Apartment,Private room,1,1,1,110
8685652,Apartment,Private room,1,1,1,110
8685716,Apartment,Private room,1,1,1,110
8685766,Apartment,Private room,1,1,1,89
8685898,Apartment,Private room,1,1,1,40
8701367,Apartment,Entire home/apt,1,2,5,187
8713608,Apartment,Shared room,1,1,30,200
8717641,Apartment,Entire home/apt,1,1,4,185
8722927,Apartment,Private room,1,1,30,69
8733261,House,Private room,1,1,1,69
8735636,Apartment,Entire home/apt,1,2,30,550
8760949,Apartment,Entire home/apt,1,2,4,330
8762967,Guest suite,Entire home/apt,1,1,2,160
8763366,Hostel,Shared room,2,1,2,55
8763407,Hostel,Shared room,2,1,2,55
8763529,Hostel,Shared room,2,1,2,55
8763620,Hostel,Shared room,2,1,30,33
8775500,House,Private room,1,1,1,150
8793569,House,Private room,1,1,2,120
8794180,Serviced apartment,Hotel room,1.5,1,30,188
8799100,House,Entire home/apt,1,3,3,435
8800012,Condominium,Entire home/apt,2,0,1,540
8817059,House,Entire home/apt,3.5,3,3,450
8818098,Apartment,Entire home/apt,2,1,365,160
8848449,Apartment,Entire home/apt,1,1,3,120
8859249,Guest suite,Entire home/apt,1,1,2,150
8864274,House,Entire home/apt,4,6,4,1200
8869066,Guest suite,Entire home/apt,1,1,30,190
8869806,Condominium,Entire home/apt,1,1,2,155
8886022,Apartment,Entire home/apt,1,0,30,119
8889145,Condominium,Private room,1,1,1,124
8903225,Apartment,Entire home/apt,1,1,30,279
8904047,Apartment,Entire home/apt,1,1,2,155
8907289,Townhouse,Private room,1,1,1,144
8908249,Apartment,Entire home/apt,1,0,30,90
8914789,Apartment,Entire home/apt,1,1,30,229
8915995,Apartment,Entire home/apt,2,2,30,299
8916368,Apartment,Entire home/apt,1,1,30,229
8925997,Apartment,Entire home/apt,2,2,30,310
8926024,Apartment,Entire home/apt,1,2,30,270
8926150,Apartment,Entire home/apt,1,1,30,145
8941317,Condominium,Entire home/apt,3,3,1,429
8943055,Apartment,Private room,1,1,1,189
8955959,Condominium,Private room,1,1,1,125
8974563,House,Private room,1,1,2,90
8987674,House,Private room,1,1,4,186
8992582,Apartment,Private room,1,1,30,53
8993289,Hotel,Private room,1,0,2,180
8993301,Hotel,Private room,1,0,2,180
8993307,Hotel,Private room,1,0,2,180
9010937,Apartment,Entire home/apt,2,2,2,312
9021715,House,Entire home/apt,1,2,30,299
9051149,Apartment,Private room,1,1,1,99
9051457,House,Entire home/apt,4.5,4,4,445
9059999,Serviced apartment,Hotel room,1,1,30,170
9063798,Townhouse,Private room,1,1,1,115
9067632,House,Entire home/apt,1,1,1,76
9075976,House,Entire home/apt,2,3,2,164
9108108,Apartment,Entire home/apt,1,3,2,350
9110032,House,Private room,1,1,1,100
9110654,House,Entire home/apt,2,4,30,495
9110718,House,Entire home/apt,3.5,4,30,350
9118962,House,Private room,1,1,2,100
9119210,House,Private room,1,1,1,100
9119249,Boutique hotel,Private room,1,1,1,140
9127072,Apartment,Private room,1.5,1,30,48
9130888,Apartment,Entire home/apt,1,2,2,95
9150171,Apartment,Private room,1.5,1,3,99
9150423,Condominium,Private room,1,1,3,109
9150562,House,Private room,1,1,30,50
9150693,Apartment,Private room,2,1,30,65
9156193,Hotel,Private room,1,0,2,180
9157940,Hotel,Private room,1,0,1,180
9186305,Apartment,Private room,1,1,4,80
9187534,House,Private room,2,2,2,250
9188845,Townhouse,Private room,1,1,1,75
9196933,House,Private room,1,1,2,125
9197404,House,Private room,1,1,30,165
9201385,Apartment,Entire home/apt,1,0,4,200
9216997,Apartment,Entire home/apt,1,1,30,110
9231212,Apartment,Entire home/apt,1,0,85,110
9239118,Apartment,Entire home/apt,1,1,30,120
9242011,House,Private room,1,1,30,105
9256506,House,Private room,1,2,3,286
9258941,Apartment,Entire home/apt,2,4,30,275
9259176,Apartment,Entire home/apt,1.5,2,30,150
9261548,Apartment,Entire home/apt,2,3,3,400
9275385,Boutique hotel,Private room,1,1,2,144
9280940,Apartment,Entire home/apt,1,1,30,138
9295965,Guest suite,Private room,1,1,2,154
9296524,Guest suite,Entire home/apt,1,1,1,193
9298491,House,Entire home/apt,1.5,5,30,499
9309449,House,Entire home/apt,2.5,4,2,995
9316584,Boutique hotel,Private room,1,0,2,350
9328077,Apartment,Entire home/apt,2,2,3,550
9346814,House,Private room,1,1,4,250
9347891,Guest suite,Entire home/apt,1,1,3,135
9364688,Condominium,Entire home/apt,1,1,30,134
9402993,Apartment,Entire home/apt,2,3,2,550
9416254,Guest suite,Private room,1,1,2,100
9431997,Apartment,Private room,4,1,30,65
9433478,Apartment,Entire home/apt,1,2,30,175
9435665,House,Private room,1,1,1,105
9440164,Condominium,Entire home/apt,2,2,3,225
9449061,Apartment,Entire home/apt,1,3,30,225
9451291,Serviced apartment,Hotel room,1,2,30,189
9462355,Apartment,Entire home/apt,2,4,30,1150
9463113,Apartment,Private room,1,1,30,90
9464763,Condominium,Entire home/apt,2,2,5,1500
9465008,House,Entire home/apt,2.5,2,3,275
9471413,Condominium,Entire home/apt,2,2,3,250
9471416,House,Private room,1,1,1,105
9476010,Townhouse,Entire home/apt,2,3,2,650
9476849,Condominium,Private room,1,1,1,138
9477823,House,Private room,1,1,2,64
9488665,Apartment,Entire home/apt,2,4,3,750
9489347,Apartment,Entire home/apt,1,1,31,180
9491760,Apartment,Entire home/apt,2,2,30,185
9494726,Bed and breakfast,Private room,10,1,1,95
9495318,Bed and breakfast,Private room,0,1,1,95
9496930,Apartment,Entire home/apt,1,0,30,97
9497588,Bed and breakfast,Private room,10,1,1,99
9504910,Apartment,Entire home/apt,1,1,2,195
9514196,Apartment,Entire home/apt,1,0,4,499
9525734,House,Private room,1,1,2,95
9525911,Apartment,Private room,1,1,2,120
9532943,Apartment,Private room,1,1,1,129
9563163,Apartment,Private room,1,1,31,80
9587361,Guest suite,Entire home/apt,1,1,1,300
9590125,House,Private room,1,1,1,129
9593326,Apartment,Private room,1.5,1,30,80
9593505,Condominium,Entire home/apt,2.5,3,4,500
9605720,Apartment,Entire home/apt,1.5,2,30,349
9608262,Condominium,Entire home/apt,1,2,21,168
9611854,Apartment,Entire home/apt,1,1,30,140
9616042,Loft,Entire home/apt,1,1,30,139
9650878,Townhouse,Private room,1,1,1,125
9652136,House,Entire home/apt,3.5,3,3,300
9683090,Apartment,Entire home/apt,1,0,31,140
9695480,Apartment,Entire home/apt,2,3,2,499
9716652,Apartment,Private room,0.5,1,2,85
9717679,Apartment,Private room,3,1,30,60
9730358,House,Private room,1,1,2,160
9735841,Apartment,Entire home/apt,1,1,30,110
9752333,House,Entire home/apt,1,1,1,135
9752553,Apartment,Entire home/apt,1,1,31,300
9760014,House,Entire home/apt,1,2,3,145
9779327,Apartment,Entire home/apt,2,2,30,322
9779853,Apartment,Private room,1.5,1,31,80
9792467,House,Entire home/apt,2,3,30,275
9837993,Guest suite,Entire home/apt,1,1,3,185
9841955,Apartment,Entire home/apt,1,0,30,130
9844630,Apartment,Private room,1,1,30,135
9882522,Townhouse,Private room,1,1,1,97
9882716,Apartment,Entire home/apt,1,2,2,275
9903046,House,Entire home/apt,4,4,1,599
9905129,House,Entire home/apt,2,3,5,500
9909627,Condominium,Entire home/apt,1,3,30,217
9910056,Apartment,Entire home/apt,1,0,30,150
9924449,Apartment,Entire home/apt,1,2,3,165
9925099,Condominium,Entire home/apt,1.5,2,5,299
9926871,House,Private room,1,1,2,70
9937836,Apartment,Entire home/apt,1.5,2,30,168
9945149,Apartment,Entire home/apt,1,1,30,159
9949873,House,Private room,2,1,30,90
9971053,Condominium,Entire home/apt,2,2,3,200
9972077,Apartment,Entire home/apt,1,1,2,150
9974744,Condominium,Entire home/apt,1,3,30,340
9990865,Apartment,Entire home/apt,2,3,3,625
9995426,Guest suite,Entire home/apt,1,1,3,140
9996121,House,Private room,1,1,1,99
9998508,House,Entire home/apt,2,3,30,300
9998879,House,Entire home/apt,1,2,2,220
10000431,Condominium,Entire home/apt,1,1,30,210
10000523,Condominium,Private room,1,1,30,90
10023678,House,Entire home/apt,2,3,2,299
10035487,Guest suite,Entire home/apt,1,1,3,145
10040637,Apartment,Private room,1.5,1,6,133
10043166,Apartment,Entire home/apt,2,3,2,400
10052512,Apartment,Entire home/apt,2,1,3,349
10058134,Apartment,Entire home/apt,1,2,3,350
10058568,Apartment,Entire home/apt,2,2,3,215
10067187,Boutique hotel,Private room,1,1,5,125
10071349,Apartment,Entire home/apt,1,0,30,107
10071808,Apartment,Entire home/apt,1,0,30,107
10071932,Guesthouse,Entire home/apt,1,1,30,110
10088395,Apartment,Private room,2,1,2,133
10089183,Apartment,Entire home/apt,1,1,3,150
10099733,Boutique hotel,Private room,1,1,3,125
10103881,Condominium,Entire home/apt,2,2,31,250
10105531,Apartment,Entire home/apt,1,1,30,100
10105584,Apartment,Entire home/apt,1,1,4,295
10126146,Townhouse,Entire home/apt,1,1,30,195
10126716,House,Entire home/apt,1.5,4,1,500
10127523,Apartment,Entire home/apt,2,2,30,194
10137578,House,Private room,1,1,1,86
10156101,Boutique hotel,Private room,2,2,1,195
10162904,Apartment,Entire home/apt,1,1,30,110
10164802,Apartment,Entire home/apt,1,0,2,195
10187948,Apartment,Entire home/apt,2,2,30,155
10193457,Apartment,Entire home/apt,1,1,3,140
10199931,House,Entire home/apt,3,3,4,715
10227655,Apartment,Entire home/apt,2,2,3,359
10235526,Loft,Private room,1,1,3,179
10273567,House,Private room,1,1,2,126
10280888,House,Private room,1,1,2,69
10282326,Boutique hotel,Private room,2,1,5,279
10282371,Boutique hotel,Private room,1,1,5,279
10283094,Apartment,Entire home/apt,2,4,30,253
10315192,Apartment,Entire home/apt,1,2,30,106
10321776,Guest suite,Entire home/apt,1,1,1,135
10333567,House,Private room,1,1,2,98
10347570,Loft,Entire home/apt,1,1,4,165
10362654,Condominium,Entire home/apt,3,3,1,1500
10367010,Loft,Private room,1,1,1,120
10369097,House,Entire home/apt,3.5,6,1,888
10369307,House,Entire home/apt,1,2,2,167
10379560,House,Private room,1,1,2,99
10379822,House,Entire home/apt,2.5,4,4,899
10385321,Guest suite,Entire home/apt,1,1,2,100
10385906,Apartment,Entire home/apt,1,2,30,127
10389781,Apartment,Entire home/apt,1.5,2,30,180
10393552,Hotel,Private room,1,0,1,235
10406646,Apartment,Entire home/apt,1,2,30,120
10409218,House,Entire home/apt,2.5,3,3,650
10410858,Condominium,Entire home/apt,3,4,3,480
10418322,House,Private room,1,1,2,98
